id1,id2,id3,R2_N3_cv,R2_N3_fit
1,2,3,-0.187,0.623
1,2,4,-0.295,0.678
1,2,5,0.054,0.644
1,2,6,0.2,0.675
1,2,7,0.02,0.638
1,2,8,0.151,0.657
1,2,9,0.31,0.654
1,2,10,0.382,0.712
1,2,11,0.022,0.666
1,2,12,0.029,0.671
1,2,13,0.186,0.668
1,2,14,0.107,0.641
1,2,15,0.247,0.662
1,2,16,0.03,0.703
1,2,17,0.307,0.693
1,2,18,0.176,0.656
1,2,19,0.247,0.707
1,2,20,0.056,0.639
1,2,21,-0.471,0.719
1,2,22,-0.817,0.651
1,2,23,0.229,0.718
1,2,24,-0.226,0.714
1,2,25,-0.102,0.731
1,2,26,-0.237,0.67
1,2,27,-4.878,0.84
1,2,28,-1.29,0.638
1,2,29,0.06,0.634
1,2,30,-1.27,0.624
1,2,31,0.084,0.626
1,3,4,-0.863,0.514
1,3,5,-0.224,0.454
1,3,6,-0.363,0.576
1,3,7,-0.266,0.523
1,3,8,-0.308,0.512
1,3,9,0.152,0.563
1,3,10,0.23,0.6
1,3,11,-0.312,0.582
1,3,12,-0.2,0.695
1,3,13,-0.103,0.662
1,3,14,-0.53,0.518
1,3,15,0.147,0.594
1,3,16,-0.477,0.614
1,3,17,0.265,0.588
1,3,18,-0.312,0.538
1,3,19,-0.014,0.7
1,3,20,-0.422,0.476
1,3,21,-0.945,0.713
1,3,22,-0.223,0.562
1,3,23,-0.133,0.503
1,3,24,-0.548,0.706
1,3,25,-0.441,0.742
1,3,26,-0.816,0.645
1,3,27,-3.76,0.614
1,3,28,-2.664,0.467
1,3,29,-0.693,0.518
1,3,30,-2.252,0.51
1,3,31,-0.64,0.464
1,4,5,-0.828,0.503
1,4,6,-0.792,0.573
1,4,7,-0.547,0.657
1,4,8,-0.622,0.516
1,4,9,-0.188,0.563
1,4,10,-0.106,0.601
1,4,11,-0.739,0.594
1,4,12,-0.303,0.685
1,4,13,-0.244,0.687
1,4,14,-0.698,0.587
1,4,15,-0.16,0.622
1,4,16,-0.803,0.635
1,4,17,-0.09,0.603
1,4,18,-0.533,0.526
1,4,19,-0.153,0.727
1,4,20,-0.689,0.5
1,4,21,-0.968,0.685
1,4,22,-0.471,0.568
1,4,23,-0.752,0.498
1,4,24,-0.824,0.701
1,4,25,-0.655,0.68
1,4,26,-0.55,0.684
1,4,27,-2.454,0.688
1,4,28,-1.917,0.569
1,4,29,-1.299,0.598
1,4,30,-2.084,0.567
1,4,31,-1.157,0.496
1,5,6,-0.28,0.522
1,5,7,-0.43,0.52
1,5,8,-0.05,0.522
1,5,9,0.085,0.576
1,5,10,0.296,0.682
1,5,11,-0.127,0.59
1,5,12,0.14,0.657
1,5,13,0.147,0.644
1,5,14,-0.137,0.518
1,5,15,0.148,0.594
1,5,16,-0.137,0.613
1,5,17,0.236,0.588
1,5,18,-0.166,0.543
1,5,19,0.231,0.759
1,5,20,-0.419,0.451
1,5,21,-1.026,0.709
1,5,22,-0.83,0.558
1,5,23,-0.041,0.492
1,5,24,-0.564,0.703
1,5,25,-0.363,0.687
1,5,26,-0.194,0.72
1,5,27,-4.845,0.642
1,5,28,-2.587,0.455
1,5,29,-0.246,0.521
1,5,30,-2.075,0.496
1,5,31,-0.564,0.441
1,6,7,-0.225,0.594
1,6,8,-0.424,0.681
1,6,9,0.1,0.739
1,6,10,0.144,0.765
1,6,11,-0.333,0.586
1,6,12,0.044,0.787
1,6,13,0.141,0.84
1,6,14,-0.269,0.68
1,6,15,0.109,0.603
1,6,16,-0.144,0.733
1,6,17,0.197,0.614
1,6,18,-0.163,0.597
1,6,19,0.196,0.728
1,6,20,-0.377,0.53
1,6,21,-0.744,0.672
1,6,22,-0.736,0.597
1,6,23,-0.077,0.541
1,6,24,-0.471,0.759
1,6,25,-0.466,0.679
1,6,26,-0.678,0.652
1,6,27,-5.442,0.62
1,6,28,-1.956,0.521
1,6,29,-0.323,0.529
1,6,30,-1.804,0.541
1,6,31,-0.335,0.522
1,7,8,0.061,0.561
1,7,9,0.269,0.613
1,7,10,0.402,0.651
1,7,11,-0.298,0.619
1,7,12,0.076,0.664
1,7,13,0.172,0.653
1,7,14,-0.077,0.563
1,7,15,0.219,0.612
1,7,16,-0.539,0.699
1,7,17,0.263,0.6
1,7,18,-0.046,0.639
1,7,19,0.128,0.72
1,7,20,-0.215,0.521
1,7,21,-0.814,0.767
1,7,22,-0.366,0.599
1,7,23,-0.079,0.645
1,7,24,-0.282,0.726
1,7,25,-0.227,0.806
1,7,26,-0.379,0.656
1,7,27,-3.257,0.653
1,7,28,-2.657,0.527
1,7,29,-0.467,0.563
1,7,30,-1.429,0.552
1,7,31,-0.295,0.52
1,8,9,0.14,0.596
1,8,10,0.381,0.647
1,8,11,-0.077,0.614
1,8,12,0.189,0.66
1,8,13,0.25,0.649
1,8,14,0.046,0.555
1,8,15,0.214,0.631
1,8,16,-0.106,0.657
1,8,17,0.266,0.61
1,8,18,0.014,0.539
1,8,19,0.272,0.721
1,8,20,-0.183,0.51
1,8,21,-0.673,0.757
1,8,22,-0.73,0.576
1,8,23,0.067,0.529
1,8,24,-0.281,0.696
1,8,25,-0.239,0.726
1,8,26,-0.269,0.702
1,8,27,-3.329,0.712
1,8,28,-3.566,0.611
1,8,29,-0.537,0.653
1,8,30,-1.333,0.59
1,8,31,-0.261,0.507
1,9,10,0.168,0.602
1,9,11,0.133,0.665
1,9,12,0.306,0.662
1,9,13,0.319,0.657
1,9,14,0.21,0.6
1,9,15,0.342,0.654
1,9,16,0.098,0.675
1,9,17,0.359,0.637
1,9,18,0.186,0.574
1,9,19,0.387,0.726
1,9,20,0.062,0.572
1,9,21,-0.436,0.76
1,9,22,-0.465,0.602
1,9,23,0.217,0.579
1,9,24,-0.159,0.701
1,9,25,-0.036,0.737
1,9,26,0.034,0.725
1,9,27,-2.832,0.792
1,9,28,-1.471,0.679
1,9,29,0.11,0.676
1,9,30,-0.937,0.635
1,9,31,-0.096,0.563
1,10,11,0.235,0.733
1,10,12,0.426,0.687
1,10,13,0.431,0.683
1,10,14,0.366,0.632
1,10,15,0.447,0.7
1,10,16,0.245,0.689
1,10,17,0.459,0.67
1,10,18,0.173,0.601
1,10,19,0.447,0.776
1,10,20,0.041,0.619
1,10,21,-0.269,0.802
1,10,22,-0.337,0.651
1,10,23,0.335,0.608
1,10,24,-0.1,0.725
1,10,25,0.048,0.763
1,10,26,0.191,0.788
1,10,27,-2.554,0.738
1,10,28,-1.142,0.692
1,10,29,0.12,0.757
1,10,30,-0.714,0.698
1,10,31,-0.02,0.606
1,11,12,0.244,0.714
1,11,13,0.136,0.726
1,11,14,-0.089,0.631
1,11,15,0.122,0.651
1,11,16,-0.081,0.704
1,11,17,0.177,0.697
1,11,18,-0.035,0.651
1,11,19,0.208,0.699
1,11,20,-0.373,0.559
1,11,21,-0.653,0.693
1,11,22,-0.722,0.655
1,11,23,-0.133,0.575
1,11,24,-0.319,0.71
1,11,25,-0.502,0.703
1,11,26,-0.323,0.641
1,11,27,-2.997,0.718
1,11,28,-1.682,0.601
1,11,29,-0.362,0.582
1,11,30,-1.063,0.568
1,11,31,-0.622,0.578
1,12,13,0.272,0.662
1,12,14,0.159,0.664
1,12,15,0.165,0.68
1,12,16,0.033,0.717
1,12,17,0.253,0.687
1,12,18,0.19,0.713
1,12,19,0.228,0.753
1,12,20,0.058,0.68
1,12,21,-0.338,0.848
1,12,22,-0.481,0.695
1,12,23,0.042,0.712
1,12,24,-0.053,0.772
1,12,25,-0.112,0.855
1,12,26,0.041,0.766
1,12,27,-2.355,0.81
1,12,28,-1.256,0.704
1,12,29,-0.103,0.691
1,12,30,-0.715,0.674
1,12,31,-0.018,0.66
1,13,14,0.268,0.65
1,13,15,0.379,0.701
1,13,16,-0.033,0.687
1,13,17,0.386,0.709
1,13,18,0.383,0.692
1,13,19,0.308,0.756
1,13,20,0.188,0.653
1,13,21,-0.399,0.838
1,13,22,-0.282,0.682
1,13,23,0.157,0.747
1,13,24,-0.027,0.754
1,13,25,-0.09,0.827
1,13,26,-0.013,0.735
1,13,27,-2.185,0.792
1,13,28,-1.342,0.673
1,13,29,-0.035,0.719
1,13,30,-0.857,0.65
1,13,31,-0.043,0.649
1,14,15,0.222,0.653
1,14,16,-0.366,0.628
1,14,17,0.293,0.685
1,14,18,0.025,0.572
1,14,19,0.243,0.716
1,14,20,-0.21,0.529
1,14,21,-1.035,0.737
1,14,22,-0.65,0.602
1,14,23,-0.268,0.628
1,14,24,-0.276,0.698
1,14,25,-0.321,0.717
1,14,26,-0.253,0.649
1,14,27,-3.247,0.653
1,14,28,-1.913,0.526
1,14,29,-0.446,0.652
1,14,30,-1.578,0.526
1,14,31,-0.369,0.524
1,15,16,0.206,0.797
1,15,17,0.32,0.61
1,15,18,-0.054,0.682
1,15,19,0.368,0.743
1,15,20,0.048,0.605
1,15,21,-0.458,0.741
1,15,22,-0.584,0.61
1,15,23,0.201,0.609
1,15,24,0.07,0.789
1,15,25,-0.073,0.762
1,15,26,-0.116,0.734
1,15,27,-3.36,0.694
1,15,28,-1.139,0.598
1,15,29,-0.029,0.595
1,15,30,-0.844,0.606
1,15,31,0.144,0.603
1,16,17,0.279,0.755
1,16,18,-0.386,0.631
1,16,19,0.261,0.749
1,16,20,-0.635,0.618
1,16,21,-0.737,0.723
1,16,22,-0.56,0.691
1,16,23,-0.271,0.631
1,16,24,-0.219,0.745
1,16,25,-0.312,0.726
1,16,26,-0.145,0.671
1,16,27,-3.972,0.722
1,16,28,-2.264,0.627
1,16,29,-0.231,0.679
1,16,30,-1.346,0.647
1,16,31,-0.505,0.645
1,17,18,0.173,0.682
1,17,19,0.443,0.77
1,17,20,0.18,0.588
1,17,21,-0.409,0.757
1,17,22,-0.496,0.606
1,17,23,0.305,0.596
1,17,24,0.025,0.808
1,17,25,-0.074,0.791
1,17,26,-0.015,0.751
1,17,27,-2.949,0.704
1,17,28,-1.715,0.599
1,17,29,0.095,0.598
1,17,30,-0.689,0.654
1,17,31,-0.147,0.587
1,18,19,0.313,0.718
1,18,20,-0.697,0.547
1,18,21,-0.945,0.677
1,18,22,-0.752,0.615
1,18,23,-0.167,0.54
1,18,24,-0.224,0.695
1,18,25,-0.23,0.678
1,18,26,-0.095,0.659
1,18,27,-3.837,0.669
1,18,28,-1.935,0.546
1,18,29,-0.24,0.647
1,18,30,-1.489,0.551
1,18,31,-0.42,0.521
1,19,20,0.033,0.699
1,19,21,-0.217,0.722
1,19,22,-0.017,0.755
1,19,23,0.36,0.722
1,19,24,0.077,0.737
1,19,25,0.013,0.733
1,19,26,0.211,0.699
1,19,27,-1.77,0.844
1,19,28,-0.453,0.73
1,19,29,0.215,0.704
1,19,30,-0.336,0.7
1,19,31,0.231,0.702
1,20,21,-0.871,0.673
1,20,22,-0.534,0.555
1,20,23,-0.303,0.495
1,20,24,-0.521,0.702
1,20,25,-0.468,0.68
1,20,26,-1.137,0.63
1,20,27,-4.097,0.642
1,20,28,-2.964,0.473
1,20,29,-0.598,0.518
1,20,30,-1.765,0.503
1,20,31,-0.656,0.451
1,21,22,-1.267,0.707
1,21,23,-0.621,0.676
1,21,24,-0.484,0.746
1,21,25,-0.889,0.681
1,21,26,-1.013,0.679
1,21,27,-5.059,0.758
1,21,28,-2.165,0.672
1,21,29,-0.97,0.672
1,21,30,-1.537,0.673
1,21,31,-0.878,0.674
1,22,23,-0.352,0.569
1,22,24,-0.628,0.718
1,22,25,-0.637,0.711
1,22,26,-0.818,0.685
1,22,27,-5.168,0.72
1,22,28,-2.694,0.562
1,22,29,-0.795,0.577
1,22,30,-2.423,0.593
1,22,31,-1.015,0.571
1,23,24,-0.289,0.719
1,23,25,-0.184,0.68
1,23,26,-0.458,0.666
1,23,27,-3.55,0.637
1,23,28,-1.941,0.528
1,23,29,-0.267,0.544
1,23,30,-1.578,0.579
1,23,31,-0.281,0.499
1,24,25,-0.218,0.735
1,24,26,-0.312,0.707
1,24,27,-2.716,0.87
1,24,28,-1.36,0.739
1,24,29,-0.379,0.777
1,24,30,-1.108,0.695
1,24,31,-0.433,0.696
1,25,26,-0.293,0.689
1,25,27,-2.906,0.765
1,25,28,-1.993,0.681
1,25,29,-0.422,0.691
1,25,30,-0.99,0.677
1,25,31,-0.689,0.677
1,26,27,-4.388,0.78
1,26,28,-2.765,0.637
1,26,29,-0.31,0.643
1,26,30,-1.351,0.629
1,26,31,-0.466,0.643
1,27,28,-2.952,0.653
1,27,29,-4.262,0.628
1,27,30,-5.612,0.655
1,27,31,-3.905,0.61
1,28,29,-2.307,0.509
1,28,30,-4.056,0.499
1,28,31,-2.566,0.456
1,29,30,-1.725,0.548
1,29,31,-0.459,0.518
1,30,31,-2.172,0.496
2,3,4,-1.676,0.597
2,3,5,-1.143,0.488
2,3,6,-0.756,0.651
2,3,7,-1.104,0.49
2,3,8,-1.041,0.513
2,3,9,-0.85,0.504
2,3,10,-0.657,0.561
2,3,11,-1.191,0.55
2,3,12,-1.249,0.485
2,3,13,-0.825,0.51
2,3,14,-0.877,0.514
2,3,15,-0.948,0.531
2,3,16,-1.399,0.532
2,3,17,-0.448,0.599
2,3,18,-1.417,0.531
2,3,19,-0.807,0.561
2,3,20,-1.037,0.577
2,3,21,-1.889,0.646
2,3,22,-1.402,0.567
2,3,23,-0.692,0.645
2,3,24,-1.435,0.565
2,3,25,-1.179,0.686
2,3,26,-1.663,0.552
2,3,27,-5.207,0.702
2,3,28,-3.321,0.526
2,3,29,-1.206,0.505
2,3,30,-1.741,0.49
2,3,31,-1.383,0.563
2,4,5,-1.947,0.528
2,4,6,-1.259,0.643
2,4,7,-1.44,0.619
2,4,8,-1.493,0.528
2,4,9,-1.234,0.535
2,4,10,-1.171,0.54
2,4,11,-1.804,0.548
2,4,12,-1.882,0.541
2,4,13,-1.368,0.588
2,4,14,-1.537,0.611
2,4,15,-1.947,0.573
2,4,16,-1.986,0.571
2,4,17,-0.678,0.62
2,4,18,-2.155,0.53
2,4,19,-1.423,0.567
2,4,20,-1.344,0.58
2,4,21,-1.57,0.561
2,4,22,-0.639,0.566
2,4,23,-1.315,0.616
2,4,24,-1.648,0.531
2,4,25,-1.682,0.551
2,4,26,-1.752,0.561
2,4,27,-1.483,0.827
2,4,28,-1.901,0.71
2,4,29,-2.302,0.589
2,4,30,-1.954,0.537
2,4,31,-1.795,0.57
2,5,6,-0.403,0.562
2,5,7,-1.171,0.399
2,5,8,-0.74,0.422
2,5,9,-0.536,0.415
2,5,10,-0.256,0.522
2,5,11,-0.936,0.462
2,5,12,-1.012,0.406
2,5,13,-0.402,0.463
2,5,14,-0.567,0.474
2,5,15,-0.352,0.477
2,5,16,-1.048,0.469
2,5,17,-0.106,0.571
2,5,18,-1.575,0.407
2,5,19,-0.474,0.48
2,5,20,-1.278,0.593
2,5,21,-1.167,0.488
2,5,22,-0.181,0.534
2,5,23,-0.632,0.626
2,5,24,-0.821,0.413
2,5,25,-1.016,0.472
2,5,26,-1.169,0.452
2,5,27,-3.233,0.657
2,5,28,-2.148,0.483
2,5,29,-0.844,0.445
2,5,30,-1.145,0.39
2,5,31,-1.033,0.439
2,6,7,-0.474,0.549
2,6,8,-0.577,0.686
2,6,9,0.094,0.682
2,6,10,0.042,0.744
2,6,11,-0.528,0.537
2,6,12,-0.455,0.669
2,6,13,0.035,0.823
2,6,14,-0.262,0.697
2,6,15,0.152,0.543
2,6,16,-0.414,0.671
2,6,17,0.209,0.623
2,6,18,-0.716,0.568
2,6,19,-0.079,0.572
2,6,20,-0.455,0.598
2,6,21,-0.383,0.537
2,6,22,0.31,0.593
2,6,23,0.018,0.652
2,6,24,-0.325,0.582
2,6,25,-0.536,0.547
2,6,26,-0.861,0.538
2,6,27,-1.328,0.676
2,6,28,-0.962,0.542
2,6,29,-0.506,0.554
2,6,30,-0.479,0.541
2,6,31,-0.299,0.57
2,7,8,-0.603,0.431
2,7,9,-0.611,0.433
2,7,10,-0.456,0.503
2,7,11,-0.981,0.431
2,7,12,-1.03,0.414
2,7,13,-0.599,0.467
2,7,14,-0.654,0.474
2,7,15,-0.356,0.475
2,7,16,-1.549,0.495
2,7,17,-0.118,0.569
2,7,18,-1.421,0.45
2,7,19,-0.658,0.457
2,7,20,-0.754,0.487
2,7,21,-1.21,0.504
2,7,22,-0.013,0.521
2,7,23,-0.541,0.695
2,7,24,-0.844,0.422
2,7,25,-1.036,0.527
2,7,26,-1.372,0.415
2,7,27,-2.791,0.655
2,7,28,-2.766,0.47
2,7,29,-1.159,0.421
2,7,30,-1.165,0.393
2,7,31,-0.852,0.45
2,8,9,-0.272,0.422
2,8,10,-0.061,0.522
2,8,11,-0.752,0.461
2,8,12,-0.837,0.43
2,8,13,-0.318,0.473
2,8,14,-0.499,0.491
2,8,15,-0.201,0.508
2,8,16,-0.913,0.5
2,8,17,0.028,0.579
2,8,18,-1.24,0.431
2,8,19,-0.456,0.475
2,8,20,-0.79,0.51
2,8,21,-0.955,0.528
2,8,22,-0.027,0.521
2,8,23,-0.511,0.617
2,8,24,-0.542,0.429
2,8,25,-0.94,0.504
2,8,26,-1.195,0.467
2,8,27,-2.079,0.733
2,8,28,-2.7,0.643
2,8,29,-1.073,0.527
2,8,30,-0.873,0.444
2,8,31,-0.651,0.471
2,9,10,-0.088,0.579
2,9,11,-0.528,0.465
2,9,12,-0.636,0.424
2,9,13,-0.173,0.472
2,9,14,-0.285,0.494
2,9,15,-0.003,0.504
2,9,16,-0.686,0.488
2,9,17,0.087,0.574
2,9,18,-0.957,0.424
2,9,19,-0.205,0.473
2,9,20,-0.765,0.518
2,9,21,-0.689,0.513
2,9,22,0.084,0.517
2,9,23,-0.264,0.614
2,9,24,-0.345,0.425
2,9,25,-0.591,0.494
2,9,26,-0.844,0.469
2,9,27,-2.196,0.73
2,9,28,-1.399,0.628
2,9,29,-0.574,0.511
2,9,30,-0.527,0.45
2,9,31,-0.54,0.465
2,10,11,-0.312,0.556
2,10,12,-0.385,0.49
2,10,13,-0.142,0.514
2,10,14,-0.142,0.548
2,10,15,0.109,0.569
2,10,16,-0.529,0.533
2,10,17,0.143,0.617
2,10,18,-0.846,0.491
2,10,19,-0.14,0.542
2,10,20,-0.793,0.607
2,10,21,-0.54,0.58
2,10,22,0.176,0.578
2,10,23,-0.231,0.637
2,10,24,-0.212,0.491
2,10,25,-0.466,0.549
2,10,26,-0.702,0.551
2,10,27,-1.039,0.723
2,10,28,-0.742,0.686
2,10,29,-0.452,0.623
2,10,30,-0.33,0.538
2,10,31,-0.498,0.517
2,11,12,-0.827,0.449
2,11,13,-0.477,0.528
2,11,14,-0.81,0.522
2,11,15,-0.44,0.497
2,11,16,-1.061,0.501
2,11,17,-0.04,0.622
2,11,18,-1.459,0.462
2,11,19,-0.611,0.441
2,11,20,-0.89,0.499
2,11,21,-1.561,0.462
2,11,22,-0.191,0.562
2,11,23,-0.518,0.615
2,11,24,-0.925,0.424
2,11,25,-1.257,0.468
2,11,26,-1.305,0.418
2,11,27,-3.678,0.679
2,11,28,-2.156,0.539
2,11,29,-1.154,0.432
2,11,30,-1.211,0.411
2,11,31,-1.097,0.519
2,12,13,-0.471,0.468
2,12,14,-0.649,0.481
2,12,15,-0.447,0.482
2,12,16,-1.019,0.472
2,12,17,-0.23,0.568
2,12,18,-1.567,0.452
2,12,19,-0.565,0.476
2,12,20,-1.013,0.538
2,12,21,-1.279,0.576
2,12,22,-0.335,0.548
2,12,23,-0.819,0.63
2,12,24,-1.003,0.441
2,12,25,-1.008,0.563
2,12,26,-1.196,0.475
2,12,27,-3.424,0.662
2,12,28,-2.363,0.548
2,12,29,-1.145,0.459
2,12,30,-1.237,0.426
2,12,31,-0.992,0.478
2,13,14,-0.377,0.48
2,13,15,0.041,0.553
2,13,16,-0.759,0.496
2,13,17,0.119,0.614
2,13,18,-0.919,0.504
2,13,19,-0.196,0.544
2,13,20,-0.549,0.548
2,13,21,-0.816,0.663
2,13,22,0.02,0.576
2,13,23,-0.498,0.709
2,13,24,-0.352,0.494
2,13,25,-0.629,0.617
2,13,26,-1.011,0.516
2,13,27,-2.968,0.689
2,13,28,-2.16,0.566
2,13,29,-0.693,0.58
2,13,30,-0.906,0.469
2,13,31,-0.603,0.527
2,14,15,0.002,0.57
2,14,16,-0.914,0.512
2,14,17,0.192,0.674
2,14,18,-1.027,0.491
2,14,19,-0.461,0.529
2,14,20,-0.618,0.549
2,14,21,-0.916,0.58
2,14,22,-0.099,0.567
2,14,23,-0.434,0.733
2,14,24,-0.562,0.48
2,14,25,-0.854,0.553
2,14,26,-0.97,0.486
2,14,27,-3.205,0.682
2,14,28,-1.695,0.52
2,14,29,-0.87,0.588
2,14,30,-1.079,0.475
2,14,31,-0.636,0.532
2,15,16,-0.3,0.648
2,15,17,0.073,0.569
2,15,18,-0.85,0.537
2,15,19,-0.035,0.539
2,15,20,-0.503,0.558
2,15,21,-0.447,0.545
2,15,22,-0.019,0.528
2,15,23,-0.207,0.621
2,15,24,-0.1,0.547
2,15,25,-0.323,0.562
2,15,26,-0.641,0.537
2,15,27,-0.947,0.665
2,15,28,-1.008,0.523
2,15,29,-0.35,0.472
2,15,30,-0.22,0.473
2,15,31,-0.275,0.545
2,16,17,-0.146,0.678
2,16,18,-1.666,0.468
2,16,19,-0.768,0.495
2,16,20,-1.26,0.553
2,16,21,-1.36,0.495
2,16,22,-0.257,0.595
2,16,23,-0.777,0.639
2,16,24,-0.843,0.468
2,16,25,-1.216,0.496
2,16,26,-0.91,0.459
2,16,27,-3.205,0.678
2,16,28,-2.088,0.545
2,16,29,-1.057,0.511
2,16,30,-0.875,0.467
2,16,31,-1.028,0.589
2,17,18,-0.537,0.63
2,17,19,0.161,0.632
2,17,20,-0.25,0.588
2,17,21,-0.311,0.637
2,17,22,0.044,0.582
2,17,23,-0.073,0.659
2,17,24,0.064,0.643
2,17,25,-0.211,0.67
2,17,26,-0.419,0.628
2,17,27,-0.361,0.745
2,17,28,-1.229,0.616
2,17,29,-0.152,0.567
2,17,30,-0.013,0.594
2,17,31,-0.401,0.591
2,18,19,-0.917,0.46
2,18,20,-1.777,0.546
2,18,21,-1.565,0.456
2,18,22,-0.51,0.543
2,18,23,-1.096,0.615
2,18,24,-1.186,0.415
2,18,25,-1.434,0.453
2,18,26,-1.525,0.427
2,18,27,-4.652,0.668
2,18,28,-2.729,0.515
2,18,29,-1.223,0.493
2,18,30,-1.527,0.409
2,18,31,-1.443,0.455
2,19,20,-0.722,0.516
2,19,21,-0.628,0.459
2,19,22,0.141,0.62
2,19,23,-0.084,0.624
2,19,24,-0.382,0.441
2,19,25,-0.684,0.465
2,19,26,-0.877,0.439
2,19,27,-1.849,0.678
2,19,28,-1.331,0.562
2,19,29,-0.492,0.461
2,19,30,-0.275,0.439
2,19,31,-0.388,0.511
2,20,21,-0.903,0.535
2,20,22,0.005,0.547
2,20,23,-0.605,0.65
2,20,24,-0.887,0.518
2,20,25,-1.228,0.551
2,20,26,-1.722,0.487
2,20,27,-2.751,0.803
2,20,28,-2.446,0.573
2,20,29,-1.076,0.505
2,20,30,-1.032,0.486
2,20,31,-1.011,0.531
2,21,22,-0.257,0.566
2,21,23,-0.355,0.619
2,21,24,-1.296,0.453
2,21,25,-1.322,0.453
2,21,26,-0.976,0.451
2,21,27,-1.741,0.662
2,21,28,-1.761,0.509
2,21,29,-1.235,0.456
2,21,30,-1.309,0.449
2,21,31,-0.819,0.518
2,22,23,0.031,0.627
2,22,24,0.143,0.534
2,22,25,-0.251,0.569
2,22,26,-0.51,0.548
2,22,27,-0.585,0.746
2,22,28,-1.236,0.552
2,22,29,-0.282,0.517
2,22,30,-0.02,0.519
2,22,31,-0.222,0.585
2,23,24,-0.305,0.621
2,23,25,-0.464,0.621
2,23,26,-0.879,0.622
2,23,27,-1.916,0.817
2,23,28,-1.1,0.725
2,23,29,-0.442,0.616
2,23,30,-0.287,0.626
2,23,31,-0.377,0.703
2,24,25,-0.908,0.453
2,24,26,-0.975,0.409
2,24,27,-1.834,0.677
2,24,28,-1.758,0.538
2,24,29,-0.953,0.488
2,24,30,-0.558,0.403
2,24,31,-0.738,0.474
2,25,26,-1.027,0.453
2,25,27,-1.397,0.667
2,25,28,-1.803,0.529
2,25,29,-1.067,0.474
2,25,30,-0.693,0.453
2,25,31,-1.18,0.51
2,26,27,-3.04,0.663
2,26,28,-2.316,0.489
2,26,29,-1.102,0.428
2,26,30,-0.927,0.398
2,26,31,-1.514,0.494
2,27,28,-1.384,0.661
2,27,29,-2.883,0.657
2,27,30,-2.323,0.655
2,27,31,-2.726,0.702
2,28,29,-2.104,0.464
2,28,30,-2.104,0.464
2,28,31,-2.028,0.519
2,29,30,-1.096,0.413
2,29,31,-1.043,0.49
2,30,31,-2.843,0.444
3,4,5,-2.53,0.459
3,4,6,-1.666,0.627
3,4,7,-1.978,0.581
3,4,8,-2.396,0.429
3,4,9,-1.932,0.441
3,4,10,-1.801,0.462
3,4,11,-2.658,0.549
3,4,12,-2.381,0.519
3,4,13,-1.548,0.575
3,4,14,-1.856,0.523
3,4,15,-1.322,0.534
3,4,16,-2.927,0.499
3,4,17,-1.064,0.539
3,4,18,-2.696,0.45
3,4,19,-1.63,0.633
3,4,20,-2.3,0.485
3,4,21,-2.357,0.669
3,4,22,-0.89,0.528
3,4,23,-2.21,0.432
3,4,24,-2.48,0.593
3,4,25,-2.319,0.689
3,4,26,-2.201,0.645
3,4,27,-3.95,0.613
3,4,28,-3.762,0.557
3,4,29,-2.989,0.556
3,4,30,-2.834,0.548
3,4,31,-2.842,0.502
3,5,6,-1.226,0.555
3,5,7,-1.853,0.364
3,5,8,-1.626,0.395
3,5,9,-1.056,0.432
3,5,10,-0.68,0.561
3,5,11,-1.574,0.485
3,5,12,-1.402,0.428
3,5,13,-0.895,0.476
3,5,14,-1.152,0.398
3,5,15,-0.623,0.465
3,5,16,-1.873,0.418
3,5,17,-0.299,0.505
3,5,18,-2.242,0.473
3,5,19,-0.78,0.578
3,5,20,-1.84,0.417
3,5,21,-2.075,0.657
3,5,22,-0.268,0.499
3,5,23,-1.331,0.422
3,5,24,-1.897,0.549
3,5,25,-1.486,0.682
3,5,26,-1.879,0.589
3,5,27,-6.399,0.522
3,5,28,-4.667,0.354
3,5,29,-1.754,0.397
3,5,30,-2.62,0.412
3,5,31,-2.123,0.453
3,6,7,-1.193,0.588
3,6,8,-1.318,0.72
3,6,9,-0.143,0.746
3,6,10,-0.183,0.772
3,6,11,-1.127,0.607
3,6,12,-0.762,0.711
3,6,13,-0.261,0.816
3,6,14,-0.788,0.692
3,6,15,-0.435,0.564
3,6,16,-1.032,0.7
3,6,17,-0.147,0.603
3,6,18,-1.326,0.642
3,6,19,-0.675,0.694
3,6,20,-1.109,0.603
3,6,21,-1.413,0.671
3,6,22,-0.003,0.617
3,6,23,-1.093,0.568
3,6,24,-1.234,0.77
3,6,25,-1.139,0.725
3,6,26,-2.197,0.662
3,6,27,-6.237,0.587
3,6,28,-3.433,0.564
3,6,29,-1.197,0.568
3,6,30,-2.714,0.571
3,6,31,-0.992,0.611
3,7,8,-1.327,0.394
3,7,9,-0.891,0.437
3,7,10,-0.69,0.474
3,7,11,-1.771,0.5
3,7,12,-1.378,0.429
3,7,13,-0.866,0.477
3,7,14,-1.144,0.422
3,7,15,-0.763,0.47
3,7,16,-2.161,0.485
3,7,17,-0.466,0.5
3,7,18,-2.006,0.501
3,7,19,-0.887,0.564
3,7,20,-1.501,0.431
3,7,21,-1.814,0.69
3,7,22,-0.101,0.523
3,7,23,-1.105,0.556
3,7,24,-1.624,0.564
3,7,25,-1.174,0.762
3,7,26,-2.043,0.539
3,7,27,-4.708,0.488
3,7,28,-4.682,0.39
3,7,29,-2.004,0.426
3,7,30,-2.368,0.44
3,7,31,-1.844,0.444
3,8,9,-1.235,0.421
3,8,10,-0.868,0.475
3,8,11,-1.794,0.508
3,8,12,-1.431,0.428
3,8,13,-0.875,0.476
3,8,14,-1.224,0.422
3,8,15,-0.856,0.495
3,8,16,-1.99,0.458
3,8,17,-0.596,0.513
3,8,18,-2.045,0.419
3,8,19,-0.967,0.57
3,8,20,-1.988,0.441
3,8,21,-1.896,0.697
3,8,22,-0.265,0.508
3,8,23,-1.449,0.428
3,8,24,-1.771,0.549
3,8,25,-1.54,0.702
3,8,26,-2.124,0.59
3,8,27,-4.644,0.552
3,8,28,-5.676,0.528
3,8,29,-2.065,0.537
3,8,30,-2.368,0.503
3,8,31,-1.984,0.438
3,9,10,-0.85,0.439
3,9,11,-1.351,0.541
3,9,12,-1.266,0.436
3,9,13,-0.832,0.483
3,9,14,-0.888,0.459
3,9,15,-0.398,0.512
3,9,16,-1.514,0.476
3,9,17,-0.2,0.53
3,9,18,-1.478,0.433
3,9,19,-0.708,0.571
3,9,20,-1.346,0.491
3,9,21,-1.401,0.679
3,9,22,-0.086,0.517
3,9,23,-1.071,0.459
3,9,24,-1.512,0.549
3,9,25,-1.056,0.693
3,9,26,-1.498,0.598
3,9,27,-3.691,0.624
3,9,28,-3.261,0.593
3,9,29,-1.188,0.547
3,9,30,-1.629,0.53
3,9,31,-1.499,0.467
3,10,11,-1.242,0.61
3,10,12,-1.14,0.467
3,10,13,-0.721,0.509
3,10,14,-0.761,0.49
3,10,15,-0.223,0.558
3,10,16,-1.344,0.492
3,10,17,-0.102,0.56
3,10,18,-1.391,0.448
3,10,19,-0.546,0.619
3,10,20,-1.435,0.55
3,10,21,-1.131,0.719
3,10,22,0.043,0.564
3,10,23,-0.966,0.482
3,10,24,-1.342,0.566
3,10,25,-0.976,0.712
3,10,26,-1.346,0.66
3,10,27,-3.537,0.571
3,10,28,-2.802,0.593
3,10,29,-1.33,0.634
3,10,30,-1.343,0.598
3,10,31,-1.42,0.483
3,11,12,-1.302,0.518
3,11,13,-0.892,0.58
3,11,14,-1.265,0.538
3,11,15,-0.899,0.541
3,11,16,-2.043,0.548
3,11,17,-0.622,0.633
3,11,18,-1.989,0.59
3,11,19,-1.008,0.559
3,11,20,-1.892,0.517
3,11,21,-2.075,0.658
3,11,22,-0.431,0.619
3,11,23,-1.61,0.508
3,11,24,-1.78,0.587
3,11,25,-1.782,0.705
3,11,26,-2.616,0.556
3,11,27,-6.978,0.609
3,11,28,-4.321,0.547
3,11,29,-2.003,0.493
3,11,30,-2.186,0.498
3,11,31,-2.035,0.651
3,12,13,-0.784,0.471
3,12,14,-1.034,0.466
3,12,15,-1.093,0.492
3,12,16,-1.82,0.474
3,12,17,-0.716,0.535
3,12,18,-1.778,0.501
3,12,19,-1.046,0.562
3,12,20,-1.597,0.546
3,12,21,-1.838,0.689
3,12,22,-0.598,0.564
3,12,23,-1.359,0.553
3,12,24,-1.778,0.56
3,12,25,-1.475,0.72
3,12,26,-2.133,0.575
3,12,27,-4.885,0.583
3,12,28,-3.671,0.539
3,12,29,-1.68,0.491
3,12,30,-2.059,0.487
3,12,31,-1.748,0.51
3,13,14,-0.786,0.471
3,13,15,-0.606,0.562
3,13,16,-1.428,0.497
3,13,17,-0.422,0.604
3,13,18,-1.019,0.536
3,13,19,-0.659,0.594
3,13,20,-1.001,0.546
3,13,21,-1.36,0.725
3,13,22,-0.412,0.586
3,13,23,-1.009,0.67
3,13,24,-1.206,0.578
3,13,25,-1.01,0.734
3,13,26,-1.456,0.588
3,13,27,-2.935,0.627
3,13,28,-2.853,0.552
3,13,29,-1.157,0.589
3,13,30,-1.532,0.503
3,13,31,-1.333,0.549
3,14,15,-0.481,0.552
3,14,16,-1.719,0.458
3,14,17,-0.148,0.635
3,14,18,-1.325,0.462
3,14,19,-0.743,0.582
3,14,20,-1.337,0.473
3,14,21,-1.759,0.679
3,14,22,-0.225,0.544
3,14,23,-1.467,0.579
3,14,24,-1.405,0.553
3,14,25,-1.249,0.69
3,14,26,-1.45,0.546
3,14,27,-4.083,0.518
3,14,28,-3.388,0.42
3,14,29,-1.57,0.578
3,14,30,-2.126,0.426
3,14,31,-1.554,0.483
3,15,16,-0.774,0.65
3,15,17,-0.347,0.507
3,15,18,-1.219,0.572
3,15,19,-0.719,0.607
3,15,20,-0.856,0.538
3,15,21,-1.194,0.669
3,15,22,0.016,0.526
3,15,23,-0.876,0.509
3,15,24,-0.763,0.646
3,15,25,-0.83,0.717
3,15,26,-1.315,0.627
3,15,27,-4.056,0.555
3,15,28,-2.741,0.483
3,15,29,-0.966,0.466
3,15,30,-1.39,0.499
3,15,31,-1.015,0.556
3,16,17,-0.623,0.641
3,16,18,-2.616,0.459
3,16,19,-1.104,0.575
3,16,20,-2.15,0.501
3,16,21,-2.1,0.635
3,16,22,-0.539,0.591
3,16,23,-1.71,0.485
3,16,24,-1.883,0.564
3,16,25,-1.601,0.677
3,16,26,-2.022,0.533
3,16,27,-5.624,0.529
3,16,28,-4.394,0.463
3,16,29,-2.021,0.512
3,16,30,-2.554,0.502
3,16,31,-2.121,0.587
3,17,18,-0.806,0.614
3,17,19,-0.317,0.67
3,17,20,-0.619,0.517
3,17,21,-0.718,0.715
3,17,22,0.007,0.544
3,17,23,-0.509,0.524
3,17,24,-0.436,0.707
3,17,25,-0.508,0.778
3,17,26,-0.909,0.682
3,17,27,-3.051,0.603
3,17,28,-2.959,0.528
3,17,29,-0.709,0.511
3,17,30,-0.791,0.606
3,17,31,-1.032,0.536
3,18,19,-1.315,0.586
3,18,20,-2.581,0.553
3,18,21,-2.356,0.637
3,18,22,-0.646,0.569
3,18,23,-2.046,0.463
3,18,24,-2.115,0.553
3,18,25,-1.841,0.682
3,18,26,-2.063,0.574
3,18,27,-5.486,0.543
3,18,28,-4.378,0.47
3,18,29,-2.297,0.571
3,18,30,-2.739,0.482
3,18,31,-2.256,0.474
3,19,20,-0.911,0.6
3,19,21,-1.635,0.638
3,19,22,-0.216,0.677
3,19,23,-0.452,0.616
3,19,24,-1.246,0.587
3,19,25,-1.107,0.68
3,19,26,-1.835,0.562
3,19,27,-3.07,0.692
3,19,28,-2.578,0.622
3,19,29,-0.843,0.567
3,19,30,-1.301,0.56
3,19,31,-1.128,0.645
3,20,21,-1.597,0.676
3,20,22,-0.453,0.524
3,20,23,-1.647,0.468
3,20,24,-1.907,0.642
3,20,25,-1.757,0.736
3,20,26,-2.481,0.557
3,20,27,-5.131,0.604
3,20,28,-5.194,0.457
3,20,29,-1.958,0.477
3,20,30,-2.321,0.493
3,20,31,-2.204,0.489
3,21,22,-0.733,0.686
3,21,23,-1.462,0.643
3,21,24,-1.335,0.669
3,21,25,-1.591,0.679
3,21,26,-2.749,0.633
3,21,27,-4.702,0.688
3,21,28,-3.257,0.634
3,21,29,-2.155,0.633
3,21,30,-2.222,0.637
3,21,31,-1.871,0.728
3,22,23,-0.225,0.525
3,22,24,-0.695,0.626
3,22,25,-0.471,0.717
3,22,26,-0.901,0.636
3,22,27,-2.93,0.654
3,22,28,-2.562,0.515
3,22,29,-0.448,0.52
3,22,30,-0.724,0.561
3,22,31,-0.627,0.598
3,23,24,-1.527,0.616
3,23,25,-1.272,0.682
3,23,26,-1.705,0.607
3,23,27,-4.741,0.533
3,23,28,-3.577,0.482
3,23,29,-1.513,0.468
3,23,30,-1.978,0.557
3,23,31,-1.677,0.527
3,24,25,-1.244,0.689
3,24,26,-1.993,0.581
3,24,27,-3.737,0.71
3,24,28,-3.315,0.634
3,24,29,-1.659,0.654
3,24,30,-1.767,0.564
3,24,31,-1.979,0.653
3,25,26,-1.945,0.678
3,25,27,-2.514,0.727
3,25,28,-2.599,0.684
3,25,29,-1.657,0.683
3,25,30,-1.372,0.678
3,25,31,-1.994,0.75
3,26,27,-6.345,0.665
3,26,28,-5.002,0.558
3,26,29,-2.087,0.55
3,26,30,-2.243,0.532
3,26,31,-2.342,0.687
3,27,28,-3.495,0.464
3,27,29,-6.057,0.495
3,27,30,-5.42,0.555
3,27,31,-5.252,0.546
3,28,29,-4.637,0.4
3,28,30,-4.703,0.428
3,28,31,-4.542,0.439
3,29,30,-2.626,0.473
3,29,31,-2.096,0.517
3,30,31,-3.375,0.514
4,5,6,-2.501,0.443
4,5,7,-2.934,0.537
4,5,8,-2.783,0.287
4,5,9,-1.959,0.337
4,5,10,-1.261,0.473
4,5,11,-3.282,0.331
4,5,12,-2.336,0.502
4,5,13,-1.588,0.57
4,5,14,-2.352,0.5
4,5,15,-1.392,0.48
4,5,16,-3.363,0.399
4,5,17,-0.94,0.488
4,5,18,-4.01,0.299
4,5,19,-1.463,0.52
4,5,20,-3.491,0.297
4,5,21,-2.927,0.407
4,5,22,-1.014,0.433
4,5,23,-3.184,0.279
4,5,24,-2.867,0.379
4,5,25,-2.781,0.375
4,5,26,-2.722,0.468
4,5,27,-7.565,0.644
4,5,28,-5.311,0.514
4,5,29,-4.162,0.446
4,5,30,-4.056,0.404
4,5,31,-3.589,0.366
4,6,7,-1.763,0.64
4,6,8,-1.986,0.571
4,6,9,-0.742,0.657
4,6,10,-0.825,0.669
4,6,11,-2.29,0.463
4,6,12,-1.263,0.727
4,6,13,-0.443,0.855
4,6,14,-1.25,0.737
4,6,15,-1.064,0.509
4,6,16,-1.967,0.638
4,6,17,-0.652,0.54
4,6,18,-2.616,0.445
4,6,19,-1.054,0.623
4,6,20,-1.86,0.466
4,6,21,-2.17,0.476
4,6,22,-0.491,0.528
4,6,23,-2.187,0.445
4,6,24,-1.869,0.578
4,6,25,-2.189,0.469
4,6,26,-2.582,0.557
4,6,27,-4.862,0.536
4,6,28,-3.37,0.515
4,6,29,-2.638,0.468
4,6,30,-3.252,0.495
4,6,31,-2.649,0.461
4,7,8,-2.198,0.582
4,7,9,-1.517,0.509
4,7,10,-1.306,0.503
4,7,11,-2.743,0.557
4,7,12,-1.994,0.563
4,7,13,-1.191,0.617
4,7,14,-1.787,0.614
4,7,15,-1.226,0.555
4,7,16,-3,0.627
4,7,17,-0.874,0.532
4,7,18,-3.189,0.511
4,7,19,-1.173,0.636
4,7,20,-2.268,0.504
4,7,21,-1.749,0.667
4,7,22,-0.447,0.554
4,7,23,-2,0.536
4,7,24,-1.975,0.549
4,7,25,-1.908,0.662
4,7,26,-2.518,0.614
4,7,27,-4.899,0.669
4,7,28,-4.476,0.694
4,7,29,-3.433,0.627
4,7,30,-2.736,0.596
4,7,31,-2.72,0.525
4,8,9,-1.805,0.35
4,8,10,-1.593,0.365
4,8,11,-2.989,0.336
4,8,12,-2.108,0.487
4,8,13,-1.496,0.589
4,8,14,-2.3,0.482
4,8,15,-1.327,0.466
4,8,16,-3.004,0.382
4,8,17,-1.029,0.468
4,8,18,-3.383,0.23
4,8,19,-1.427,0.513
4,8,20,-2.85,0.294
4,8,21,-2.174,0.454
4,8,22,-0.629,0.434
4,8,23,-2.699,0.264
4,8,24,-2.509,0.37
4,8,25,-2.345,0.391
4,8,26,-2.857,0.465
4,8,27,-5.115,0.497
4,8,28,-4.857,0.568
4,8,29,-3.556,0.503
4,8,30,-2.963,0.424
4,8,31,-3.335,0.277
4,9,10,-1.982,0.295
4,9,11,-2.417,0.387
4,9,12,-1.698,0.487
4,9,13,-1.226,0.582
4,9,14,-1.747,0.478
4,9,15,-0.978,0.48
4,9,16,-2.294,0.404
4,9,17,-0.668,0.484
4,9,18,-2.679,0.274
4,9,19,-1.136,0.513
4,9,20,-2.289,0.359
4,9,21,-1.543,0.476
4,9,22,-0.446,0.445
4,9,23,-2.17,0.359
4,9,24,-2.083,0.368
4,9,25,-1.741,0.422
4,9,26,-2.033,0.486
4,9,27,-3.603,0.574
4,9,28,-2.369,0.626
4,9,29,-2.495,0.522
4,9,30,-2.097,0.463
4,9,31,-2.629,0.316
4,10,11,-2.18,0.449
4,10,12,-1.709,0.465
4,10,13,-1.147,0.552
4,10,14,-1.51,0.487
4,10,15,-0.664,0.517
4,10,16,-2.073,0.407
4,10,17,-0.522,0.509
4,10,18,-2.626,0.297
4,10,19,-0.954,0.539
4,10,20,-2.355,0.417
4,10,21,-1.388,0.513
4,10,22,-0.281,0.497
4,10,23,-2.187,0.37
4,10,24,-1.926,0.384
4,10,25,-1.687,0.441
4,10,26,-1.962,0.533
4,10,27,-3.7,0.508
4,10,28,-2.158,0.611
4,10,29,-2.609,0.6
4,10,30,-1.79,0.52
4,10,31,-2.631,0.323
4,11,12,-2.275,0.516
4,11,13,-1.613,0.614
4,11,14,-2.206,0.566
4,11,15,-1.8,0.503
4,11,16,-3.276,0.466
4,11,17,-1.301,0.575
4,11,18,-3.592,0.352
4,11,19,-1.608,0.514
4,11,20,-3.237,0.364
4,11,21,-2.951,0.433
4,11,22,-0.91,0.529
4,11,23,-3.055,0.331
4,11,24,-2.723,0.398
4,11,25,-3.115,0.407
4,11,26,-3.102,0.459
4,11,27,-6.853,0.569
4,11,28,-4.468,0.639
4,11,29,-3.886,0.47
4,11,30,-3.064,0.428
4,11,31,-3.858,0.441
4,12,13,-1.652,0.55
4,12,14,-1.785,0.564
4,12,15,-1.842,0.532
4,12,16,-2.519,0.512
4,12,17,-1.084,0.551
4,12,18,-2.704,0.473
4,12,19,-1.602,0.575
4,12,20,-2.19,0.556
4,12,21,-1.743,0.627
4,12,22,-0.703,0.568
4,12,23,-2.068,0.534
4,12,24,-2.116,0.509
4,12,25,-2.04,0.601
4,12,26,-2.223,0.604
4,12,27,-2.812,0.688
4,12,28,-2.648,0.755
4,12,29,-2.81,0.601
4,12,30,-2.307,0.557
4,12,31,-2.463,0.523
4,13,14,-1.553,0.559
4,13,15,-1.169,0.623
4,13,16,-1.898,0.561
4,13,17,-0.588,0.638
4,13,18,-1.894,0.551
4,13,19,-1.066,0.64
4,13,20,-1.203,0.584
4,13,21,-1.105,0.701
4,13,22,-0.402,0.607
4,13,23,-1.355,0.69
4,13,24,-1.427,0.575
4,13,25,-1.29,0.659
4,13,26,-1.537,0.643
4,13,27,-2.195,0.749
4,13,28,-1.965,0.754
4,13,29,-1.889,0.726
4,13,30,-1.856,0.589
4,13,31,-1.678,0.595
4,14,15,-0.988,0.623
4,14,16,-2.697,0.518
4,14,17,-0.333,0.67
4,14,18,-2.647,0.475
4,14,19,-1.22,0.63
4,14,20,-1.893,0.505
4,14,21,-1.816,0.634
4,14,22,-0.871,0.559
4,14,23,-1.964,0.572
4,14,24,-2.129,0.513
4,14,25,-1.915,0.569
4,14,26,-2.081,0.587
4,14,27,-5.052,0.64
4,14,28,-3.483,0.611
4,14,29,-2.56,0.768
4,14,30,-3.051,0.498
4,14,31,-2.46,0.524
4,15,16,-1.392,0.667
4,15,17,-0.665,0.494
4,15,18,-1.828,0.503
4,15,19,-0.894,0.606
4,15,20,-1.05,0.51
4,15,21,-1.049,0.566
4,15,22,-0.473,0.499
4,15,23,-1.544,0.464
4,15,24,-0.885,0.58
4,15,25,-1.137,0.565
4,15,26,-1.275,0.622
4,15,27,-1.547,0.597
4,15,28,-1.85,0.582
4,15,29,-2.029,0.494
4,15,30,-1.574,0.519
4,15,31,-1.455,0.526
4,16,17,-1.02,0.637
4,16,18,-3.75,0.376
4,16,19,-1.838,0.549
4,16,20,-3.076,0.433
4,16,21,-2.746,0.464
4,16,22,-0.97,0.56
4,16,23,-3.038,0.388
4,16,24,-2.76,0.44
4,16,25,-2.94,0.436
4,16,26,-2.545,0.474
4,16,27,-5.736,0.555
4,16,28,-4.438,0.588
4,16,29,-3.509,0.573
4,16,30,-3.225,0.511
4,16,31,-3.321,0.512
4,17,18,-1.328,0.549
4,17,19,-0.335,0.654
4,17,20,-0.822,0.473
4,17,21,-0.658,0.607
4,17,22,-0.249,0.506
4,17,23,-1.094,0.469
4,17,24,-0.538,0.634
4,17,25,-0.854,0.635
4,17,26,-0.937,0.653
4,17,27,-0.708,0.615
4,17,28,-2.02,0.59
4,17,29,-1.709,0.515
4,17,30,-0.879,0.611
4,17,31,-1.636,0.485
4,18,19,-1.988,0.515
4,18,20,-3.94,0.335
4,18,21,-3.283,0.415
4,18,22,-1.016,0.468
4,18,23,-3.516,0.265
4,18,24,-3.085,0.38
4,18,25,-3.161,0.385
4,18,26,-3.321,0.459
4,18,27,-7.84,0.479
4,18,28,-5.412,0.487
4,18,29,-3.88,0.488
4,18,30,-4.001,0.402
4,18,31,-4.191,0.276
4,19,20,-1.26,0.536
4,19,21,-1.424,0.515
4,19,22,-0.08,0.64
4,19,23,-1.145,0.523
4,19,24,-1.325,0.513
4,19,25,-1.439,0.513
4,19,26,-1.355,0.516
4,19,27,-2.961,0.723
4,19,28,-1.866,0.757
4,19,29,-1.933,0.581
4,19,30,-1.131,0.539
4,19,31,-1.474,0.569
4,20,21,-2.229,0.452
4,20,22,-0.53,0.447
4,20,23,-2.579,0.304
4,20,24,-2.667,0.448
4,20,25,-2.541,0.435
4,20,26,-3.264,0.462
4,20,27,-6.261,0.574
4,20,28,-5.215,0.525
4,20,29,-3.723,0.473
4,20,30,-3.402,0.439
4,20,31,-3.836,0.333
4,21,22,-0.687,0.543
4,21,23,-2.279,0.41
4,21,24,-1.971,0.437
4,21,25,-2.535,0.417
4,21,26,-2.268,0.459
4,21,27,-3.892,0.563
4,21,28,-3.144,0.554
4,21,29,-3.174,0.484
4,21,30,-2.846,0.47
4,21,31,-2.271,0.467
4,22,23,-0.817,0.443
4,22,24,-0.612,0.514
4,22,25,-0.667,0.528
4,22,26,-0.754,0.57
4,22,27,-1.726,0.644
4,22,28,-1.817,0.538
4,22,29,-1.265,0.502
4,22,30,-0.969,0.527
4,22,31,-0.995,0.51
4,23,24,-2.381,0.427
4,23,25,-2.467,0.379
4,23,26,-2.698,0.462
4,23,27,-4.532,0.483
4,23,28,-3.474,0.485
4,23,29,-3.397,0.469
4,23,30,-2.85,0.452
4,23,31,-3.251,0.338
4,24,25,-2.196,0.4
4,24,26,-2.304,0.457
4,24,27,-5.222,0.623
4,24,28,-3.564,0.662
4,24,29,-3.006,0.598
4,24,30,-2.345,0.445
4,24,31,-3.03,0.431
4,25,26,-2.365,0.455
4,25,27,-5.601,0.536
4,25,28,-4.744,0.548
4,25,29,-3.171,0.493
4,25,30,-2.524,0.44
4,25,31,-3.134,0.415
4,26,27,-6.91,0.683
4,26,28,-5.156,0.67
4,26,29,-3.159,0.56
4,26,30,-2.476,0.482
4,26,31,-3.089,0.555
4,27,28,-6.001,0.534
4,27,29,-7.308,0.58
4,27,30,-5.768,0.628
4,27,31,-5.929,0.517
4,28,29,-5.327,0.541
4,28,30,-4.702,0.563
4,28,31,-4.912,0.514
4,29,30,-3.885,0.556
4,29,31,-3.837,0.521
4,30,31,-4.456,0.457
5,6,7,-1.655,0.397
5,6,8,-1.508,0.595
5,6,9,-0.541,0.663
5,6,10,-0.19,0.778
5,6,11,-1.742,0.351
5,6,12,-0.858,0.669
5,6,13,-0.216,0.812
5,6,14,-0.922,0.649
5,6,15,-0.405,0.423
5,6,16,-1.169,0.589
5,6,17,-0.162,0.497
5,6,18,-1.993,0.416
5,6,19,-0.485,0.585
5,6,20,-1.786,0.389
5,6,21,-1.677,0.384
5,6,22,-0.479,0.501
5,6,23,-1.065,0.367
5,6,24,-1.672,0.529
5,6,25,-1.346,0.388
5,6,26,-1.876,0.465
5,6,27,-4.645,0.392
5,6,28,-2.79,0.306
5,6,29,-1.447,0.3
5,6,30,-2.713,0.344
5,6,31,-1.623,0.35
5,7,8,-1.626,0.259
5,7,9,-0.977,0.353
5,7,10,-0.317,0.505
5,7,11,-2.482,0.287
5,7,12,-1.547,0.37
5,7,13,-0.81,0.441
5,7,14,-1.279,0.353
5,7,15,-0.771,0.394
5,7,16,-2.626,0.399
5,7,17,-0.508,0.437
5,7,18,-3.1,0.392
5,7,19,-0.828,0.459
5,7,20,-2.391,0.231
5,7,21,-2.256,0.483
5,7,22,-0.56,0.451
5,7,23,-1.646,0.509
5,7,24,-2.084,0.335
5,7,25,-1.872,0.493
5,7,26,-2.14,0.352
5,7,27,-7.173,0.388
5,7,28,-6.165,0.246
5,7,29,-2.355,0.277
5,7,30,-2.851,0.265
5,7,31,-2.535,0.25
5,8,9,-0.782,0.328
5,8,10,0.094,0.647
5,8,11,-1.523,0.273
5,8,12,-0.937,0.381
5,8,13,-0.337,0.444
5,8,14,-0.822,0.369
5,8,15,-0.401,0.447
5,8,16,-1.709,0.368
5,8,17,-0.199,0.47
5,8,18,-2.062,0.273
5,8,19,-0.482,0.44
5,8,20,-2.015,0.239
5,8,21,-1.54,0.445
5,8,22,-0.476,0.416
5,8,23,-1.286,0.317
5,8,24,-1.548,0.291
5,8,25,-1.467,0.39
5,8,26,-1.62,0.392
5,8,27,-7.008,0.645
5,8,28,-6.725,0.548
5,8,29,-1.759,0.45
5,8,30,-2.083,0.363
5,8,31,-1.692,0.296
5,9,10,0.101,0.702
5,9,11,-1.104,0.369
5,9,12,-0.867,0.39
5,9,13,-0.305,0.454
5,9,14,-0.524,0.432
5,9,15,-0.186,0.476
5,9,16,-1.208,0.407
5,9,17,-0.059,0.5
5,9,18,-1.531,0.324
5,9,19,-0.443,0.455
5,9,20,-1.395,0.354
5,9,21,-0.995,0.47
5,9,22,-0.433,0.439
5,9,23,-0.959,0.388
5,9,24,-1.161,0.335
5,9,25,-0.963,0.428
5,9,26,-1.069,0.444
5,9,27,-5.625,0.757
5,9,28,-3.351,0.617
5,9,29,-0.663,0.483
5,9,30,-1.322,0.431
5,9,31,-1.15,0.374
5,10,11,-0.452,0.508
5,10,12,-0.534,0.502
5,10,13,-0.122,0.536
5,10,14,-0.144,0.545
5,10,15,0.104,0.607
5,10,16,-0.65,0.504
5,10,17,0.154,0.602
5,10,18,-0.923,0.47
5,10,19,-0.187,0.525
5,10,20,-0.804,0.493
5,10,21,-0.404,0.557
5,10,22,-0.177,0.541
5,10,23,-0.504,0.511
5,10,24,-0.515,0.47
5,10,25,-0.527,0.526
5,10,26,-0.619,0.527
5,10,27,-4.073,0.797
5,10,28,-2.005,0.756
5,10,29,-0.138,0.635
5,10,30,-0.348,0.583
5,10,31,-0.526,0.526
5,11,12,-0.987,0.413
5,11,13,-0.488,0.53
5,11,14,-1.067,0.455
5,11,15,-0.55,0.431
5,11,16,-1.84,0.391
5,11,17,-0.364,0.563
5,11,18,-2.581,0.309
5,11,19,-0.621,0.426
5,11,20,-2.772,0.305
5,11,21,-2.358,0.369
5,11,22,-0.67,0.575
5,11,23,-1.521,0.298
5,11,24,-1.777,0.302
5,11,25,-2.207,0.338
5,11,26,-2.012,0.345
5,11,27,-9.356,0.4
5,11,28,-4.964,0.415
5,11,29,-2.142,0.309
5,11,30,-2.558,0.268
5,11,31,-2.751,0.334
5,12,13,-0.552,0.434
5,12,14,-0.709,0.449
5,12,15,-0.503,0.457
5,12,16,-1.304,0.428
5,12,17,-0.305,0.515
5,12,18,-1.906,0.483
5,12,19,-0.582,0.482
5,12,20,-1.669,0.505
5,12,21,-1.425,0.579
5,12,22,-0.417,0.54
5,12,23,-1.077,0.553
5,12,24,-1.162,0.429
5,12,25,-1.278,0.562
5,12,26,-1.196,0.493
5,12,27,-5.027,0.623
5,12,28,-3.267,0.538
5,12,29,-1.137,0.444
5,12,30,-1.508,0.418
5,12,31,-1.35,0.476
5,13,14,-0.418,0.439
5,13,15,-0.019,0.552
5,13,16,-0.87,0.462
5,13,17,0.116,0.601
5,13,18,-1.027,0.519
5,13,19,-0.192,0.556
5,13,20,-0.761,0.51
5,13,21,-0.843,0.664
5,13,22,-0.094,0.57
5,13,23,-0.618,0.677
5,13,24,-0.57,0.488
5,13,25,-0.672,0.616
5,13,26,-0.622,0.534
5,13,27,-3.386,0.658
5,13,28,-2.467,0.547
5,13,29,-0.562,0.593
5,13,30,-0.983,0.455
5,13,31,-0.721,0.523
5,14,15,-0.098,0.543
5,14,16,-1.401,0.398
5,14,17,0.167,0.637
5,14,18,-1.621,0.395
5,14,19,-0.315,0.54
5,14,20,-1.241,0.393
5,14,21,-1.517,0.569
5,14,22,-0.429,0.515
5,14,23,-1.102,0.578
5,14,24,-1.083,0.399
5,14,25,-1.102,0.495
5,14,26,-1.084,0.444
5,14,27,-5.361,0.498
5,14,28,-3.372,0.36
5,14,29,-1.196,0.61
5,14,30,-2.098,0.319
5,14,31,-1.339,0.414
5,15,16,-0.478,0.643
5,15,17,-0.047,0.451
5,15,18,-1.301,0.534
5,15,19,-0.082,0.558
5,15,20,-0.869,0.468
5,15,21,-0.784,0.526
5,15,22,-0.266,0.464
5,15,23,-0.457,0.448
5,15,24,-0.384,0.544
5,15,25,-0.521,0.536
5,15,26,-0.704,0.581
5,15,27,-4.36,0.514
5,15,28,-2.108,0.421
5,15,29,-0.576,0.38
5,15,30,-0.8,0.412
5,15,31,-0.628,0.487
5,16,17,-0.226,0.629
5,16,18,-2.598,0.312
5,16,19,-0.663,0.48
5,16,20,-2.651,0.372
5,16,21,-1.863,0.388
5,16,22,-0.557,0.554
5,16,23,-1.672,0.388
5,16,24,-1.739,0.361
5,16,25,-1.775,0.369
5,16,26,-1.381,0.341
5,16,27,-7.623,0.453
5,16,28,-4.882,0.375
5,16,29,-1.719,0.441
5,16,30,-2.227,0.381
5,16,31,-2.075,0.491
5,17,18,-0.826,0.606
5,17,19,0.156,0.646
5,17,20,-0.501,0.438
5,17,21,-0.565,0.599
5,17,22,-0.352,0.488
5,17,23,-0.285,0.47
5,17,24,-0.267,0.629
5,17,25,-0.437,0.633
5,17,26,-0.427,0.656
5,17,27,-3.879,0.593
5,17,28,-2.753,0.486
5,17,29,-0.495,0.442
5,17,30,-0.54,0.564
5,17,31,-0.934,0.467
5,18,19,-1.194,0.427
5,18,20,-3.89,0.327
5,18,21,-3.049,0.314
5,18,22,-1.257,0.472
5,18,23,-2.409,0.329
5,18,24,-2.391,0.275
5,18,25,-2.388,0.285
5,18,26,-2.308,0.311
5,18,27,-8.515,0.521
5,18,28,-5.321,0.35
5,18,29,-2.418,0.414
5,18,30,-3.347,0.264
5,18,31,-2.918,0.297
5,19,20,-1.126,0.557
5,19,21,-0.704,0.443
5,19,22,0.186,0.703
5,19,23,-0.21,0.53
5,19,24,-0.56,0.426
5,19,25,-0.646,0.436
5,19,26,-0.686,0.428
5,19,27,-3.781,0.579
5,19,28,-1.51,0.606
5,19,29,-0.511,0.5
5,19,30,-0.399,0.446
5,19,31,-0.559,0.479
5,20,21,-2.325,0.455
5,20,22,-0.76,0.436
5,20,23,-2.243,0.293
5,20,24,-2.506,0.433
5,20,25,-2.47,0.426
5,20,26,-2.885,0.408
5,20,27,-7.932,0.45
5,20,28,-6.63,0.308
5,20,29,-2.555,0.367
5,20,30,-3.496,0.337
5,20,31,-2.996,0.223
5,21,22,-0.637,0.561
5,21,23,-1.442,0.389
5,21,24,-1.597,0.363
5,21,25,-1.982,0.312
5,21,26,-1.926,0.348
5,21,27,-6.205,0.43
5,21,28,-3.74,0.373
5,21,29,-2.021,0.361
5,21,30,-2.973,0.364
5,21,31,-1.744,0.385
5,22,23,-0.332,0.442
5,22,24,-0.549,0.507
5,22,25,-0.572,0.533
5,22,26,-0.54,0.623
5,22,27,-3.683,0.609
5,22,28,-2.737,0.445
5,22,29,-0.621,0.451
5,22,30,-0.841,0.502
5,22,31,-1.141,0.496
5,23,24,-1.632,0.429
5,23,25,-1.34,0.375
5,23,26,-1.393,0.461
5,23,27,-6.703,0.478
5,23,28,-3.747,0.405
5,23,29,-1.445,0.335
5,23,30,-2.142,0.449
5,23,31,-1.805,0.412
5,24,25,-1.449,0.326
5,24,26,-1.45,0.324
5,24,27,-6.53,0.54
5,24,28,-4.031,0.475
5,24,29,-1.919,0.527
5,24,30,-1.853,0.313
5,24,31,-1.979,0.368
5,25,26,-1.559,0.329
5,25,27,-6.357,0.441
5,25,28,-4.576,0.377
5,25,29,-1.782,0.381
5,25,30,-1.887,0.327
5,25,31,-2.225,0.357
5,26,27,-7.615,0.463
5,26,28,-5.218,0.43
5,26,29,-1.699,0.45
5,26,30,-1.571,0.324
5,26,31,-2.155,0.414
5,27,28,-7.591,0.343
5,27,29,-7.051,0.349
5,27,30,-7.07,0.412
5,27,31,-7.664,0.476
5,28,29,-4.432,0.229
5,28,30,-5.07,0.253
5,28,31,-5.64,0.255
5,29,30,-3.062,0.352
5,29,31,-2.191,0.314
5,30,31,-3.744,0.278
6,7,8,-1.171,0.6
6,7,9,-0.296,0.681
6,7,10,-0.188,0.701
6,7,11,-1.64,0.431
6,7,12,-0.805,0.67
6,7,13,-0.153,0.807
6,7,14,-0.78,0.661
6,7,15,-0.442,0.452
6,7,16,-1.686,0.682
6,7,17,-0.219,0.507
6,7,18,-1.738,0.535
6,7,19,-0.545,0.567
6,7,20,-1.178,0.432
6,7,21,-1.421,0.502
6,7,22,-0.15,0.539
6,7,23,-0.924,0.556
6,7,24,-1.289,0.569
6,7,25,-1.255,0.542
6,7,26,-2.011,0.468
6,7,27,-5.175,0.439
6,7,28,-3.59,0.399
6,7,29,-1.6,0.398
6,7,30,-2.158,0.419
6,7,31,-1.208,0.428
6,8,9,-0.173,0.657
6,8,10,-0.305,0.664
6,8,11,-1.588,0.58
6,8,12,-0.85,0.745
6,8,13,-0.161,0.858
6,8,14,-0.743,0.779
6,8,15,-0.604,0.581
6,8,16,-1.122,0.794
6,8,17,-0.5,0.607
6,8,18,-1.722,0.572
6,8,19,-0.761,0.672
6,8,20,-1.374,0.584
6,8,21,-1.202,0.612
6,8,22,-0.456,0.601
6,8,23,-1.227,0.572
6,8,24,-1.589,0.633
6,8,25,-1.3,0.598
6,8,26,-2.018,0.658
6,8,27,-4.118,0.631
6,8,28,-3.264,0.661
6,8,29,-1.651,0.588
6,8,30,-2.322,0.621
6,8,31,-1.383,0.577
6,9,10,0,0.672
6,9,11,-0.562,0.661
6,9,12,-0.339,0.738
6,9,13,0.097,0.849
6,9,14,-0.211,0.825
6,9,15,0.138,0.651
6,9,16,-0.348,0.797
6,9,17,0.233,0.663
6,9,18,-0.76,0.653
6,9,19,-0.064,0.698
6,9,20,-0.353,0.679
6,9,21,-0.268,0.66
6,9,22,0.054,0.656
6,9,23,-0.219,0.652
6,9,24,-0.802,0.674
6,9,25,-0.325,0.656
6,9,26,-1.004,0.704
6,9,27,-3.274,0.734
6,9,28,-1.058,0.732
6,9,29,-0.509,0.652
6,9,30,-1.296,0.681
6,9,31,-0.403,0.655
6,10,11,-0.604,0.698
6,10,12,-0.329,0.769
6,10,13,0.129,0.878
6,10,14,-0.133,0.84
6,10,15,0.138,0.67
6,10,16,-0.311,0.781
6,10,17,0.214,0.685
6,10,18,-0.86,0.686
6,10,19,-0.067,0.748
6,10,20,-0.52,0.72
6,10,21,-0.262,0.68
6,10,22,0.093,0.695
6,10,23,-0.282,0.666
6,10,24,-0.815,0.7
6,10,25,-0.37,0.668
6,10,26,-0.932,0.749
6,10,27,-1.823,0.676
6,10,28,-0.693,0.719
6,10,29,-0.544,0.685
6,10,30,-1.26,0.723
6,10,31,-0.495,0.662
6,11,12,-0.615,0.67
6,11,13,-0.193,0.809
6,11,14,-0.87,0.667
6,11,15,-0.699,0.453
6,11,16,-1.319,0.602
6,11,17,-0.397,0.57
6,11,18,-1.779,0.449
6,11,19,-0.686,0.547
6,11,20,-1.752,0.398
6,11,21,-1.631,0.394
6,11,22,-0.414,0.549
6,11,23,-1.156,0.392
6,11,24,-1.627,0.522
6,11,25,-1.779,0.406
6,11,26,-2.365,0.415
6,11,27,-5.643,0.431
6,11,28,-2.735,0.395
6,11,29,-1.879,0.343
6,11,30,-2.469,0.366
6,11,31,-1.653,0.429
6,12,13,-0.206,0.81
6,12,14,-0.456,0.79
6,12,15,-0.284,0.709
6,12,16,-0.747,0.763
6,12,17,-0.069,0.676
6,12,18,-1.166,0.724
6,12,19,-0.325,0.695
6,12,20,-0.881,0.741
6,12,21,-0.522,0.698
6,12,22,-0.047,0.708
6,12,23,-0.5,0.711
6,12,24,-0.745,0.726
6,12,25,-0.748,0.713
6,12,26,-1.179,0.699
6,12,27,-3.458,0.707
6,12,28,-1.856,0.69
6,12,29,-1.005,0.705
6,12,30,-1.095,0.669
6,12,31,-0.62,0.705
6,13,14,-0.182,0.81
6,13,15,0.357,0.833
6,13,16,-0.327,0.837
6,13,17,0.359,0.811
6,13,18,-0.363,0.839
6,13,19,0.08,0.817
6,13,20,-0.161,0.82
6,13,21,-0.016,0.819
6,13,22,0.274,0.809
6,13,23,0.071,0.866
6,13,24,-0.415,0.834
6,13,25,-0.211,0.823
6,13,26,-0.531,0.809
6,13,27,-2.814,0.824
6,13,28,-1.137,0.806
6,13,29,-0.387,0.82
6,13,30,-0.724,0.841
6,13,31,-0.076,0.827
6,14,15,-0.07,0.666
6,14,16,-0.9,0.749
6,14,17,0.12,0.753
6,14,18,-1.133,0.677
6,14,19,-0.325,0.722
6,14,20,-0.757,0.666
6,14,21,-0.732,0.678
6,14,22,-0.239,0.684
6,14,23,-0.6,0.729
6,14,24,-0.931,0.707
6,14,25,-0.826,0.669
6,14,26,-1.182,0.66
6,14,27,-4.491,0.653
6,14,28,-1.664,0.67
6,14,29,-1.063,0.661
6,14,30,-1.705,0.726
6,14,31,-0.703,0.676
6,15,16,-0.242,0.704
6,15,17,0,0.496
6,15,18,-1.018,0.527
6,15,19,0.05,0.575
6,15,20,-0.607,0.49
6,15,21,-0.543,0.516
6,15,22,-0.094,0.508
6,15,23,-0.523,0.464
6,15,24,-0.322,0.599
6,15,25,-0.374,0.536
6,15,26,-0.977,0.542
6,15,27,-2.366,0.486
6,15,28,-1.306,0.436
6,15,29,-0.601,0.431
6,15,30,-1.07,0.442
6,15,31,-0.426,0.486
6,16,17,-0.118,0.73
6,16,18,-1.746,0.596
6,16,19,-0.481,0.654
6,16,20,-1.371,0.622
6,16,21,-1.021,0.589
6,16,22,-0.245,0.687
6,16,23,-0.983,0.593
6,16,24,-1.107,0.658
6,16,25,-1.267,0.585
6,16,26,-1.241,0.585
6,16,27,-4.998,0.595
6,16,28,-2.604,0.586
6,16,29,-1.156,0.586
6,16,30,-1.894,0.597
6,16,31,-0.897,0.704
6,17,18,-0.567,0.604
6,17,19,0.249,0.661
6,17,20,-0.227,0.505
6,17,21,-0.394,0.594
6,17,22,0.016,0.541
6,17,23,-0.283,0.508
6,17,24,-0.27,0.693
6,17,25,-0.349,0.634
6,17,26,-0.768,0.627
6,17,27,-1.254,0.56
6,17,28,-2.19,0.509
6,17,29,-0.46,0.5
6,17,30,-0.839,0.574
6,17,31,-0.744,0.51
6,18,19,-0.921,0.562
6,18,20,-2.322,0.497
6,18,21,-1.893,0.411
6,18,22,-0.551,0.557
6,18,23,-1.615,0.419
6,18,24,-1.854,0.524
6,18,25,-1.689,0.408
6,18,26,-2.354,0.465
6,18,27,-6.407,0.445
6,18,28,-3.366,0.411
6,18,29,-1.792,0.436
6,18,30,-2.779,0.414
6,18,31,-1.865,0.411
6,19,20,-0.586,0.565
6,19,21,-0.436,0.549
6,19,22,0.359,0.666
6,19,23,-0.063,0.578
6,19,24,-0.624,0.563
6,19,25,-0.538,0.533
6,19,26,-1.032,0.54
6,19,27,-3.023,0.616
6,19,28,-1.494,0.575
6,19,29,-0.469,0.544
6,19,30,-0.922,0.533
6,19,31,-0.321,0.582
6,20,21,-1.466,0.44
6,20,22,-0.179,0.508
6,20,23,-1.427,0.412
6,20,24,-1.505,0.589
6,20,25,-1.585,0.462
6,20,26,-2.6,0.444
6,20,27,-5.421,0.486
6,20,28,-3.693,0.39
6,20,29,-1.689,0.376
6,20,30,-2.408,0.41
6,20,31,-1.763,0.405
6,21,22,-0.43,0.545
6,21,23,-1.166,0.425
6,21,24,-1.105,0.526
6,21,25,-1.327,0.387
6,21,26,-2.1,0.414
6,21,27,-4.479,0.443
6,21,28,-2.545,0.391
6,21,29,-1.705,0.376
6,21,30,-2.629,0.395
6,21,31,-1.283,0.432
6,22,23,-0.116,0.507
6,22,24,-0.191,0.61
6,22,25,-0.348,0.551
6,22,26,-0.858,0.573
6,22,27,-1.76,0.605
6,22,28,-1.526,0.497
6,22,29,-0.353,0.496
6,22,30,-0.829,0.525
6,22,31,-0.589,0.555
6,23,24,-1.168,0.563
6,23,25,-1.003,0.43
6,23,26,-1.74,0.489
6,23,27,-3.661,0.435
6,23,28,-1.851,0.413
6,23,29,-1.076,0.372
6,23,30,-2.053,0.468
6,23,31,-1.225,0.43
6,24,25,-1.234,0.527
6,24,26,-1.693,0.522
6,24,27,-4.229,0.599
6,24,28,-2.545,0.563
6,24,29,-1.512,0.536
6,24,30,-1.553,0.522
6,24,31,-1.402,0.567
6,25,26,-1.857,0.421
6,25,27,-3.818,0.448
6,25,28,-2.802,0.41
6,25,29,-1.412,0.393
6,25,30,-2.151,0.402
6,25,31,-1.507,0.43
6,26,27,-6.02,0.503
6,26,28,-3.936,0.432
6,26,29,-1.869,0.413
6,26,30,-2.127,0.414
6,26,31,-1.941,0.498
6,27,28,-3.855,0.366
6,27,29,-4.197,0.367
6,27,30,-5.89,0.428
6,27,31,-4.762,0.408
6,28,29,-2.759,0.307
6,28,30,-3.758,0.347
6,28,31,-3.29,0.349
6,29,30,-2.527,0.35
6,29,31,-1.954,0.358
6,30,31,-3.034,0.393
7,8,9,-0.477,0.403
7,8,10,-0.141,0.441
7,8,11,-1.728,0.337
7,8,12,-0.884,0.365
7,8,13,-0.318,0.439
7,8,14,-0.797,0.375
7,8,15,-0.205,0.433
7,8,16,-1.782,0.435
7,8,17,-0.123,0.448
7,8,18,-1.974,0.321
7,8,19,-0.483,0.457
7,8,20,-1.492,0.279
7,8,21,-1.255,0.542
7,8,22,-0.063,0.455
7,8,23,-0.952,0.5
7,8,24,-1.109,0.343
7,8,25,-1.114,0.526
7,8,26,-1.753,0.408
7,8,27,-3.984,0.439
7,8,28,-5.217,0.49
7,8,29,-2.007,0.46
7,8,30,-1.816,0.385
7,8,31,-1.492,0.264
7,9,10,-0.47,0.351
7,9,11,-1.199,0.425
7,9,12,-0.794,0.381
7,9,13,-0.228,0.449
7,9,14,-0.428,0.435
7,9,15,-0.072,0.466
7,9,16,-1.513,0.472
7,9,17,-0.002,0.48
7,9,18,-1.582,0.356
7,9,19,-0.385,0.479
7,9,20,-1.093,0.383
7,9,21,-0.769,0.567
7,9,22,0.08,0.476
7,9,23,-0.726,0.527
7,9,24,-0.91,0.378
7,9,25,-0.708,0.554
7,9,26,-1.325,0.465
7,9,27,-2.986,0.568
7,9,28,-2.953,0.589
7,9,29,-1,0.502
7,9,30,-1.044,0.458
7,9,31,-1.056,0.349
7,10,11,-0.97,0.5
7,10,12,-0.725,0.413
7,10,13,-0.305,0.477
7,10,14,-0.35,0.464
7,10,15,0.092,0.519
7,10,16,-1.272,0.481
7,10,17,0.061,0.512
7,10,18,-1.366,0.367
7,10,19,-0.21,0.538
7,10,20,-1,0.446
7,10,21,-0.553,0.612
7,10,22,0.284,0.532
7,10,23,-0.592,0.54
7,10,24,-0.729,0.414
7,10,25,-0.554,0.579
7,10,26,-1.002,0.532
7,10,27,-2.568,0.491
7,10,28,-2.4,0.581
7,10,29,-0.726,0.599
7,10,30,-0.85,0.532
7,10,31,-0.979,0.368
7,11,12,-1.214,0.428
7,11,13,-0.676,0.526
7,11,14,-1.2,0.469
7,11,15,-0.835,0.443
7,11,16,-2.55,0.489
7,11,17,-0.728,0.553
7,11,18,-2.591,0.458
7,11,19,-0.926,0.428
7,11,20,-2.376,0.317
7,11,21,-2.31,0.472
7,11,22,-0.482,0.544
7,11,23,-1.442,0.523
7,11,24,-1.691,0.368
7,11,25,-2.076,0.503
7,11,26,-2.468,0.339
7,11,27,-6.602,0.443
7,11,28,-5.146,0.424
7,11,29,-2.619,0.335
7,11,30,-2.169,0.324
7,11,31,-2.673,0.406
7,12,13,-0.606,0.435
7,12,14,-0.736,0.446
7,12,15,-0.679,0.453
7,12,16,-1.915,0.459
7,12,17,-0.507,0.505
7,12,18,-1.792,0.461
7,12,19,-0.802,0.483
7,12,20,-1.332,0.5
7,12,21,-1.369,0.603
7,12,22,-0.22,0.545
7,12,23,-0.949,0.617
7,12,24,-1.18,0.439
7,12,25,-1.248,0.615
7,12,26,-1.569,0.478
7,12,27,-3.149,0.543
7,12,28,-3.408,0.533
7,12,29,-1.663,0.448
7,12,30,-1.576,0.426
7,12,31,-1.506,0.432
7,13,14,-0.441,0.441
7,13,15,-0.028,0.55
7,13,16,-1.36,0.482
7,13,17,0.066,0.602
7,13,18,-0.999,0.51
7,13,19,-0.323,0.546
7,13,20,-0.496,0.506
7,13,21,-0.83,0.665
7,13,22,0.167,0.573
7,13,23,-0.53,0.725
7,13,24,-0.541,0.494
7,13,25,-0.653,0.653
7,13,26,-0.957,0.517
7,13,27,-1.857,0.606
7,13,28,-2.526,0.546
7,13,29,-0.913,0.579
7,13,30,-1.021,0.461
7,13,31,-0.703,0.499
7,14,15,-0.119,0.542
7,14,16,-1.788,0.463
7,14,17,0.109,0.639
7,14,18,-1.449,0.437
7,14,19,-0.512,0.527
7,14,20,-0.975,0.407
7,14,21,-1.381,0.611
7,14,22,-0.058,0.531
7,14,23,-0.866,0.697
7,14,24,-0.993,0.431
7,14,25,-0.958,0.59
7,14,26,-1.341,0.439
7,14,27,-3.365,0.47
7,14,28,-3.422,0.391
7,14,29,-1.478,0.572
7,14,30,-1.939,0.36
7,14,31,-1.223,0.415
7,15,16,-0.932,0.656
7,15,17,-0.09,0.448
7,15,18,-1.324,0.529
7,15,19,-0.274,0.539
7,15,20,-0.523,0.462
7,15,21,-0.811,0.556
7,15,22,0.058,0.481
7,15,23,-0.687,0.533
7,15,24,-0.357,0.546
7,15,25,-0.621,0.591
7,15,26,-1.021,0.531
7,15,27,-2.688,0.485
7,15,28,-2.368,0.43
7,15,29,-1.096,0.394
7,15,30,-0.789,0.424
7,15,31,-0.49,0.469
7,16,17,-0.78,0.635
7,16,18,-2.976,0.454
7,16,19,-1.381,0.513
7,16,20,-2.36,0.444
7,16,21,-2.106,0.536
7,16,22,-0.662,0.604
7,16,23,-1.683,0.624
7,16,24,-1.867,0.455
7,16,25,-1.879,0.557
7,16,26,-2.386,0.416
7,16,27,-6.266,0.491
7,16,28,-4.87,0.47
7,16,29,-2.733,0.502
7,16,30,-2.142,0.47
7,16,31,-2.347,0.552
7,17,18,-0.906,0.566
7,17,19,-0.015,0.625
7,17,20,-0.361,0.438
7,17,21,-0.621,0.611
7,17,22,0.033,0.497
7,17,23,-0.458,0.521
7,17,24,-0.222,0.629
7,17,25,-0.489,0.662
7,17,26,-0.78,0.611
7,17,27,-2.36,0.544
7,17,28,-2.89,0.483
7,17,29,-0.866,0.444
7,17,30,-0.464,0.561
7,17,31,-0.915,0.449
7,18,19,-1.387,0.482
7,18,20,-3.062,0.421
7,18,21,-2.369,0.49
7,18,22,-0.68,0.543
7,18,23,-2.051,0.563
7,18,24,-2.036,0.37
7,18,25,-2.098,0.495
7,18,26,-2.549,0.402
7,18,27,-5.584,0.446
7,18,28,-5.14,0.425
7,18,29,-2.634,0.518
7,18,30,-2.749,0.377
7,18,31,-2.791,0.342
7,19,20,-0.793,0.468
7,19,21,-0.897,0.478
7,19,22,0.202,0.63
7,19,23,-0.236,0.631
7,19,24,-0.601,0.435
7,19,25,-0.824,0.503
7,19,26,-1.022,0.429
7,19,27,-2.886,0.592
7,19,28,-2.403,0.553
7,19,29,-0.834,0.456
7,19,30,-0.565,0.437
7,19,31,-0.53,0.498
7,20,21,-1.477,0.486
7,20,22,-0.209,0.456
7,20,23,-1.297,0.5
7,20,24,-1.675,0.425
7,20,25,-1.816,0.523
7,20,26,-2.786,0.343
7,20,27,-4.99,0.455
7,20,28,-5.704,0.331
7,20,29,-2.386,0.335
7,20,30,-2.09,0.331
7,20,31,-2.347,0.28
7,21,22,-0.39,0.596
7,21,23,-0.755,0.634
7,21,24,-0.98,0.472
7,21,25,-2.414,0.489
7,21,26,-1.954,0.472
7,21,27,-4.206,0.528
7,21,28,-3.669,0.484
7,21,29,-2.217,0.462
7,21,30,-2.101,0.467
7,21,31,-1.422,0.517
7,22,23,-0.144,0.562
7,22,24,-0.154,0.527
7,22,25,-0.292,0.614
7,22,26,-0.67,0.542
7,22,27,-1.737,0.612
7,22,28,-2.479,0.476
7,22,29,-0.561,0.469
7,22,30,-0.36,0.506
7,22,31,-0.485,0.525
7,23,24,-1.016,0.601
7,23,25,-0.72,0.665
7,23,26,-1.617,0.588
7,23,27,-4.298,0.574
7,23,28,-3.048,0.597
7,23,29,-1.72,0.524
7,23,30,-1.27,0.634
7,23,31,-1.301,0.581
7,24,25,-0.817,0.489
7,24,26,-1.789,0.359
7,24,27,-3.944,0.53
7,24,28,-3.887,0.498
7,24,29,-1.737,0.495
7,24,30,-1.47,0.368
7,24,31,-1.595,0.408
7,25,26,-1.55,0.503
7,25,27,-2.391,0.551
7,25,28,-3.249,0.53
7,25,29,-1.824,0.51
7,25,30,-1.194,0.491
7,25,31,-1.811,0.527
7,26,27,-6.676,0.486
7,26,28,-5.915,0.4
7,26,29,-2.184,0.373
7,26,30,-2.014,0.331
7,26,31,-2.227,0.432
7,27,28,-4.882,0.322
7,27,29,-6.21,0.375
7,27,30,-4.902,0.428
7,27,31,-5.242,0.376
7,28,29,-5.412,0.294
7,28,30,-5.223,0.315
7,28,31,-5.344,0.298
7,29,30,-2.499,0.355
7,29,31,-2.45,0.364
7,30,31,-3.202,0.336
8,9,10,-0.59,0.367
8,9,11,-1.084,0.433
8,9,12,-0.739,0.367
8,9,13,-0.106,0.451
8,9,14,-0.383,0.465
8,9,15,-0.248,0.469
8,9,16,-1.27,0.395
8,9,17,-0.114,0.504
8,9,18,-1.408,0.305
8,9,19,-0.248,0.455
8,9,20,-1.014,0.492
8,9,21,-0.867,0.471
8,9,22,-0.275,0.46
8,9,23,-0.811,0.413
8,9,24,-0.814,0.355
8,9,25,-0.96,0.428
8,9,26,-1.399,0.452
8,9,27,-3.84,0.623
8,9,28,-3.877,0.584
8,9,29,-1.243,0.483
8,9,30,-1.229,0.443
8,9,31,-1.093,0.347
8,10,11,-0.647,0.574
8,10,12,-0.416,0.426
8,10,13,-0.036,0.511
8,10,14,-0.114,0.495
8,10,15,0.112,0.56
8,10,16,-0.714,0.392
8,10,17,0.117,0.559
8,10,18,-1.014,0.329
8,10,19,0.087,0.566
8,10,20,-0.959,0.65
8,10,21,-0.57,0.52
8,10,22,0.14,0.601
8,10,23,-0.545,0.409
8,10,24,-0.61,0.415
8,10,25,-0.697,0.452
8,10,26,-0.859,0.55
8,10,27,-3.037,0.445
8,10,28,-3.266,0.559
8,10,29,-0.728,0.598
8,10,30,-0.681,0.544
8,10,31,-1.103,0.334
8,11,12,-0.91,0.424
8,11,13,-0.392,0.525
8,11,14,-0.95,0.469
8,11,15,-0.615,0.475
8,11,16,-1.981,0.444
8,11,17,-0.467,0.567
8,11,18,-2.169,0.328
8,11,19,-0.643,0.43
8,11,20,-2.228,0.322
8,11,21,-1.88,0.462
8,11,22,-0.56,0.522
8,11,23,-1.594,0.342
8,11,24,-1.461,0.326
8,11,25,-1.93,0.414
8,11,26,-2.058,0.395
8,11,27,-5.48,0.528
8,11,28,-5.553,0.691
8,11,29,-2.252,0.473
8,11,30,-1.793,0.39
8,11,31,-2.363,0.389
8,12,13,-0.364,0.432
8,12,14,-0.625,0.443
8,12,15,-0.562,0.465
8,12,16,-1.332,0.433
8,12,17,-0.329,0.508
8,12,18,-1.482,0.42
8,12,19,-0.584,0.483
8,12,20,-1.328,0.499
8,12,21,-1.218,0.596
8,12,22,-0.294,0.54
8,12,23,-1.076,0.537
8,12,24,-0.969,0.425
8,12,25,-1.403,0.568
8,12,26,-1.373,0.499
8,12,27,-3.182,0.573
8,12,28,-3.528,0.642
8,12,29,-1.594,0.519
8,12,30,-1.399,0.456
8,12,31,-1.145,0.425
8,13,14,-0.306,0.438
8,13,15,0.049,0.553
8,13,16,-0.871,0.466
8,13,17,0.154,0.597
8,13,18,-0.877,0.487
8,13,19,-0.154,0.546
8,13,20,-0.554,0.506
8,13,21,-0.735,0.661
8,13,22,0.077,0.57
8,13,23,-0.639,0.692
8,13,24,-0.355,0.488
8,13,25,-0.62,0.618
8,13,26,-0.788,0.531
8,13,27,-1.872,0.626
8,13,28,-2.648,0.625
8,13,29,-0.787,0.627
8,13,30,-0.899,0.475
8,13,31,-0.508,0.495
8,14,15,-0.139,0.556
8,14,16,-1.359,0.431
8,14,17,0.094,0.635
8,14,18,-1.277,0.367
8,14,19,-0.36,0.529
8,14,20,-1.191,0.41
8,14,21,-1.302,0.606
8,14,22,-0.218,0.516
8,14,23,-0.935,0.57
8,14,24,-0.867,0.406
8,14,25,-0.959,0.527
8,14,26,-1.219,0.476
8,14,27,-3.3,0.521
8,14,28,-4.004,0.52
8,14,29,-1.223,0.69
8,14,30,-1.935,0.391
8,14,31,-1.097,0.403
8,15,16,-0.492,0.664
8,15,17,-0.092,0.47
8,15,18,-1.064,0.496
8,15,19,-0.094,0.559
8,15,20,-0.634,0.488
8,15,21,-0.609,0.589
8,15,22,-0.029,0.481
8,15,23,-0.493,0.465
8,15,24,-0.167,0.546
8,15,25,-0.576,0.577
8,15,26,-0.892,0.59
8,15,27,-2.361,0.561
8,15,28,-2.419,0.579
8,15,29,-1.101,0.477
8,15,30,-0.587,0.492
8,15,31,-0.549,0.49
8,16,17,-0.334,0.636
8,16,18,-2.416,0.335
8,16,19,-0.773,0.492
8,16,20,-2.163,0.411
8,16,21,-1.605,0.492
8,16,22,-0.459,0.557
8,16,23,-1.427,0.41
8,16,24,-1.464,0.386
8,16,25,-1.633,0.444
8,16,26,-1.736,0.424
8,16,27,-5.764,0.52
8,16,28,-5.414,0.617
8,16,29,-2.006,0.607
8,16,30,-1.797,0.499
8,16,31,-1.829,0.48
8,17,18,-0.845,0.55
8,17,19,0.153,0.629
8,17,20,-0.416,0.454
8,17,21,-0.448,0.632
8,17,22,-0.078,0.496
8,17,23,-0.346,0.47
8,17,24,-0.078,0.633
8,17,25,-0.526,0.647
8,17,26,-0.642,0.637
8,17,27,-2.367,0.592
8,17,28,-3.388,0.595
8,17,29,-0.945,0.509
8,17,30,-0.38,0.607
8,17,31,-0.81,0.461
8,18,19,-1.081,0.437
8,18,20,-2.999,0.324
8,18,21,-2.172,0.464
8,18,22,-0.768,0.467
8,18,23,-2.059,0.281
8,18,24,-2.058,0.28
8,18,25,-2.031,0.407
8,18,26,-2.24,0.386
8,18,27,-5.788,0.419
8,18,28,-5.716,0.492
8,18,29,-2.352,0.519
8,18,30,-2.719,0.357
8,18,31,-2.545,0.208
8,19,20,-0.841,0.475
8,19,21,-0.739,0.474
8,19,22,0.243,0.621
8,19,23,-0.246,0.521
8,19,24,-0.467,0.43
8,19,25,-0.746,0.456
8,19,26,-0.894,0.435
8,19,27,-2.888,0.65
8,19,28,-2.166,0.72
8,19,29,-0.895,0.534
8,19,30,-0.498,0.467
8,19,31,-0.435,0.494
8,20,21,-1.6,0.486
8,20,22,-0.416,0.433
8,20,23,-1.702,0.321
8,20,24,-1.822,0.403
8,20,25,-1.929,0.451
8,20,26,-2.874,0.403
8,20,27,-4.375,0.541
8,20,28,-6.198,0.536
8,20,29,-2.302,0.481
8,20,30,-2.172,0.41
8,20,31,-2.402,0.274
8,21,22,-0.45,0.563
8,21,23,-1.049,0.469
8,21,24,-0.964,0.445
8,21,25,-1.397,0.467
8,21,26,-1.669,0.454
8,21,27,-3.802,0.596
8,21,28,-3.566,0.653
8,21,29,-1.661,0.542
8,21,30,-1.725,0.507
8,21,31,-1.156,0.493
8,22,23,-0.149,0.448
8,22,24,-0.185,0.498
8,22,25,-0.448,0.538
8,22,26,-0.727,0.55
8,22,27,-2.257,0.631
8,22,28,-3.411,0.539
8,22,29,-0.9,0.502
8,22,30,-0.488,0.517
8,22,31,-0.767,0.497
8,23,24,-1.374,0.426
8,23,25,-1.166,0.42
8,23,26,-1.733,0.483
8,23,27,-4.619,0.472
8,23,28,-3.891,0.579
8,23,29,-1.845,0.476
8,23,30,-1.59,0.514
8,23,31,-1.674,0.354
8,24,25,-1.113,0.38
8,24,26,-1.382,0.384
8,24,27,-5.268,0.543
8,24,28,-4.98,0.606
8,24,29,-1.457,0.559
8,24,30,-1.377,0.376
8,24,31,-1.725,0.357
8,25,26,-1.672,0.418
8,25,27,-3.932,0.543
8,25,28,-4.123,0.628
8,25,29,-1.736,0.547
8,25,30,-1.31,0.45
8,25,31,-1.826,0.417
8,26,27,-6.929,0.634
8,26,28,-6.629,0.683
8,26,29,-2.022,0.554
8,26,30,-1.491,0.428
8,26,31,-2.021,0.485
8,27,28,-6.931,0.511
8,27,29,-6.432,0.58
8,27,30,-3.591,0.606
8,27,31,-5.425,0.444
8,28,29,-5.73,0.587
8,28,30,-4.378,0.59
8,28,31,-5.951,0.498
8,29,30,-1.832,0.594
8,29,31,-2.175,0.517
8,30,31,-2.94,0.406
9,10,11,-1.17,0.458
9,10,12,-0.669,0.405
9,10,13,0.018,0.484
9,10,14,-0.284,0.431
9,10,15,0.155,0.527
9,10,16,-1.058,0.385
9,10,17,0.142,0.513
9,10,18,-1.468,0.266
9,10,19,-0.219,0.55
9,10,20,-1.306,0.425
9,10,21,-0.877,0.513
9,10,22,-0.029,0.554
9,10,23,-1.073,0.353
9,10,24,-1.165,0.359
9,10,25,-0.926,0.438
9,10,26,-1.111,0.518
9,10,27,-3.721,0.614
9,10,28,-2.369,0.589
9,10,29,-0.744,0.597
9,10,30,-1.25,0.51
9,10,31,-1.499,0.292
9,11,12,-0.702,0.44
9,11,13,-0.291,0.534
9,11,14,-0.762,0.523
9,11,15,-0.369,0.509
9,11,16,-1.401,0.485
9,11,17,-0.203,0.592
9,11,18,-1.854,0.385
9,11,19,-0.495,0.453
9,11,20,-1.637,0.427
9,11,21,-1.267,0.496
9,11,22,-0.487,0.542
9,11,23,-1.248,0.415
9,11,24,-1.201,0.381
9,11,25,-1.387,0.46
9,11,26,-1.435,0.454
9,11,27,-4.623,0.652
9,11,28,-2.909,0.772
9,11,29,-1.559,0.516
9,11,30,-1.194,0.464
9,11,31,-1.765,0.464
9,12,13,-0.247,0.441
9,12,14,-0.438,0.455
9,12,15,-0.401,0.474
9,12,16,-1.105,0.437
9,12,17,-0.267,0.512
9,12,18,-1.394,0.42
9,12,19,-0.465,0.484
9,12,20,-1.173,0.505
9,12,21,-0.998,0.582
9,12,22,-0.239,0.541
9,12,23,-0.834,0.535
9,12,24,-0.85,0.425
9,12,25,-1.115,0.563
9,12,26,-1.005,0.502
9,12,27,-2.824,0.606
9,12,28,-2.356,0.643
9,12,29,-1.129,0.514
9,12,30,-1.07,0.469
9,12,31,-1.048,0.429
9,13,14,-0.157,0.451
9,13,15,0.143,0.555
9,13,16,-0.674,0.473
9,13,17,0.209,0.597
9,13,18,-0.734,0.485
9,13,19,-0.047,0.546
9,13,20,-0.447,0.517
9,13,21,-0.566,0.653
9,13,22,0.147,0.57
9,13,23,-0.361,0.688
9,13,24,-0.248,0.487
9,13,25,-0.428,0.616
9,13,26,-0.598,0.537
9,13,27,-1.719,0.656
9,13,28,-1.802,0.645
9,13,29,-0.454,0.616
9,13,30,-0.708,0.491
9,13,31,-0.408,0.498
9,14,15,0.054,0.574
9,14,16,-0.997,0.466
9,14,17,0.214,0.642
9,14,18,-0.929,0.409
9,14,19,-0.229,0.544
9,14,20,-0.879,0.477
9,14,21,-0.866,0.619
9,14,22,-0.151,0.53
9,14,23,-0.742,0.583
9,14,24,-0.622,0.434
9,14,25,-0.659,0.55
9,14,26,-0.839,0.517
9,14,27,-2.899,0.616
9,14,28,-1.882,0.604
9,14,29,-0.563,0.695
9,14,30,-1.364,0.454
9,14,31,-0.777,0.453
9,15,16,-0.254,0.658
9,15,17,0.072,0.495
9,15,18,-0.776,0.502
9,15,19,0.066,0.563
9,15,20,-0.359,0.529
9,15,21,-0.291,0.589
9,15,22,0.057,0.497
9,15,23,-0.237,0.492
9,15,24,-0.031,0.548
9,15,25,-0.259,0.581
9,15,26,-0.524,0.599
9,15,27,-1.081,0.624
9,15,28,-0.729,0.625
9,15,29,-0.27,0.503
9,15,30,-0.134,0.52
9,15,31,-0.34,0.513
9,16,17,-0.147,0.638
9,16,18,-1.899,0.378
9,16,19,-0.528,0.501
9,16,20,-1.794,0.467
9,16,21,-1.068,0.504
9,16,22,-0.363,0.56
9,16,23,-1.307,0.444
9,16,24,-1.141,0.407
9,16,25,-1.203,0.465
9,16,26,-1.098,0.46
9,16,27,-4.693,0.599
9,16,28,-3.029,0.65
9,16,29,-0.986,0.592
9,16,30,-1.18,0.522
9,16,31,-1.478,0.501
9,17,18,-0.61,0.548
9,17,19,0.231,0.631
9,17,20,-0.179,0.491
9,17,21,-0.203,0.635
9,17,22,-0.002,0.511
9,17,23,-0.174,0.496
9,17,24,-0.01,0.631
9,17,25,-0.227,0.65
9,17,26,-0.43,0.646
9,17,27,-1.427,0.652
9,17,28,-1.682,0.644
9,17,29,-0.154,0.536
9,17,30,-0.089,0.625
9,17,31,-0.593,0.489
9,18,19,-0.869,0.451
9,18,20,-2.451,0.38
9,18,21,-1.435,0.495
9,18,22,-0.707,0.47
9,18,23,-1.742,0.339
9,18,24,-1.627,0.317
9,18,25,-1.478,0.459
9,18,26,-1.618,0.438
9,18,27,-5.009,0.549
9,18,28,-4.29,0.58
9,18,29,-1.378,0.522
9,18,30,-1.929,0.427
9,18,31,-1.976,0.281
9,19,20,-0.746,0.507
9,19,21,-0.432,0.49
9,19,22,0.275,0.621
9,19,23,-0.091,0.533
9,19,24,-0.327,0.449
9,19,25,-0.513,0.473
9,19,26,-0.624,0.459
9,19,27,-2.592,0.69
9,19,28,-1.164,0.721
9,19,29,-0.23,0.54
9,19,30,-0.284,0.491
9,19,31,-0.373,0.507
9,20,21,-1.032,0.532
9,20,22,-0.267,0.464
9,20,23,-1.464,0.403
9,20,24,-1.489,0.437
9,20,25,-1.437,0.505
9,20,26,-2.277,0.473
9,20,27,-3.554,0.691
9,20,28,-3.341,0.66
9,20,29,-1.37,0.541
9,20,30,-1.491,0.498
9,20,31,-1.772,0.377
9,21,22,-0.225,0.567
9,21,23,-0.631,0.498
9,21,24,-0.612,0.47
9,21,25,-0.814,0.486
9,21,26,-0.947,0.482
9,21,27,-2.203,0.655
9,21,28,-1.308,0.67
9,21,29,-0.787,0.545
9,21,30,-0.981,0.528
9,21,31,-0.704,0.515
9,22,23,-0.104,0.467
9,22,24,-0.186,0.5
9,22,25,-0.253,0.545
9,22,26,-0.541,0.562
9,22,27,-1.334,0.676
9,22,28,-1.596,0.595
9,22,29,-0.33,0.521
9,22,30,-0.198,0.538
9,22,31,-0.644,0.508
9,23,24,-1.179,0.437
9,23,25,-0.874,0.457
9,23,26,-1.228,0.522
9,23,27,-3.584,0.581
9,23,28,-2.161,0.658
9,23,29,-0.995,0.513
9,23,30,-1.136,0.559
9,23,31,-1.448,0.407
9,24,25,-0.744,0.416
9,24,26,-1.04,0.447
9,24,27,-3.986,0.604
9,24,28,-2.487,0.64
9,24,29,-0.739,0.556
9,24,30,-0.874,0.429
9,24,31,-1.529,0.38
9,25,26,-1.07,0.457
9,25,27,-2.515,0.617
9,25,28,-1.911,0.659
9,25,29,-0.777,0.551
9,25,30,-0.715,0.486
9,25,31,-1.368,0.453
9,26,27,-5.372,0.711
9,26,28,-3.558,0.714
9,26,29,-0.977,0.565
9,26,30,-0.893,0.478
9,26,31,-1.62,0.524
9,27,28,-3.644,0.631
9,27,29,-4.827,0.653
9,27,30,-2.46,0.702
9,27,31,-4.335,0.57
9,28,29,-2.492,0.627
9,28,30,-1.207,0.65
9,28,31,-3.092,0.591
9,29,30,-0.64,0.598
9,29,31,-1.131,0.542
9,30,31,-2.331,0.469
10,11,12,-0.673,0.496
10,11,13,-0.27,0.578
10,11,14,-0.6,0.582
10,11,15,-0.238,0.584
10,11,16,-1.159,0.525
10,11,17,-0.144,0.648
10,11,18,-1.527,0.445
10,11,19,-0.294,0.522
10,11,20,-1.61,0.521
10,11,21,-1.186,0.559
10,11,22,-0.45,0.624
10,11,23,-1.046,0.468
10,11,24,-0.97,0.45
10,11,25,-1.363,0.512
10,11,26,-1.286,0.537
10,11,27,-4.486,0.604
10,11,28,-2.54,0.829
10,11,29,-1.223,0.636
10,11,30,-0.934,0.561
10,11,31,-1.74,0.511
10,12,13,-0.226,0.468
10,12,14,-0.378,0.479
10,12,15,-0.278,0.518
10,12,16,-0.995,0.452
10,12,17,-0.223,0.536
10,12,18,-1.237,0.419
10,12,19,-0.374,0.529
10,12,20,-1.304,0.546
10,12,21,-0.954,0.613
10,12,22,-0.166,0.56
10,12,23,-0.802,0.534
10,12,24,-0.794,0.443
10,12,25,-1.014,0.577
10,12,26,-1.016,0.556
10,12,27,-2.549,0.572
10,12,28,-1.949,0.658
10,12,29,-0.996,0.601
10,12,30,-0.997,0.533
10,12,31,-1.084,0.441
10,13,14,-0.144,0.477
10,13,15,0.183,0.585
10,13,16,-0.66,0.49
10,13,17,0.19,0.61
10,13,18,-0.705,0.486
10,13,19,-0.037,0.578
10,13,20,-0.628,0.556
10,13,21,-0.477,0.677
10,13,22,0.169,0.589
10,13,23,-0.36,0.672
10,13,24,-0.299,0.502
10,13,25,-0.46,0.628
10,13,26,-0.572,0.584
10,13,27,-1.42,0.631
10,13,28,-1.393,0.661
10,13,29,-0.433,0.688
10,13,30,-0.581,0.545
10,13,31,-0.481,0.509
10,14,15,0.188,0.612
10,14,16,-0.861,0.477
10,14,17,0.27,0.66
10,14,18,-0.795,0.431
10,14,19,-0.108,0.588
10,14,20,-0.894,0.527
10,14,21,-0.73,0.652
10,14,22,-0.031,0.572
10,14,23,-0.652,0.591
10,14,24,-0.545,0.462
10,14,25,-0.579,0.569
10,14,26,-0.643,0.571
10,14,27,-2.24,0.556
10,14,28,-1.394,0.598
10,14,29,-0.394,0.781
10,14,30,-1.098,0.514
10,14,31,-0.748,0.463
10,15,16,-0.101,0.676
10,15,17,0.15,0.536
10,15,18,-0.647,0.524
10,15,19,0.167,0.621
10,15,20,-0.301,0.6
10,15,21,-0.139,0.643
10,15,22,0.185,0.554
10,15,23,-0.131,0.531
10,15,24,0.042,0.582
10,15,25,-0.106,0.62
10,15,26,-0.367,0.673
10,15,27,-1.269,0.598
10,15,28,-0.46,0.651
10,15,29,-0.29,0.595
10,15,30,0.02,0.596
10,15,31,-0.27,0.545
10,16,17,-0.079,0.646
10,16,18,-1.641,0.386
10,16,19,-0.369,0.54
10,16,20,-1.617,0.499
10,16,21,-0.869,0.529
10,16,22,-0.21,0.588
10,16,23,-1.076,0.443
10,16,24,-1.027,0.422
10,16,25,-1.052,0.474
10,16,26,-0.902,0.511
10,16,27,-4.372,0.513
10,16,28,-2.615,0.617
10,16,29,-0.822,0.651
10,16,30,-1.104,0.563
10,16,31,-1.363,0.48
10,17,18,-0.563,0.55
10,17,19,0.265,0.666
10,17,20,-0.22,0.533
10,17,21,-0.125,0.67
10,17,22,0.102,0.553
10,17,23,-0.091,0.52
10,17,24,0.016,0.634
10,17,25,-0.159,0.669
10,17,26,-0.327,0.697
10,17,27,-1.695,0.616
10,17,28,-1.465,0.655
10,17,29,-0.103,0.61
10,17,30,0.019,0.685
10,17,31,-0.55,0.513
10,18,19,-0.739,0.518
10,18,20,-2.549,0.422
10,18,21,-1.355,0.61
10,18,22,-0.694,0.501
10,18,23,-1.636,0.353
10,18,24,-1.639,0.365
10,18,25,-1.45,0.548
10,18,26,-1.436,0.539
10,18,27,-4.409,0.445
10,18,28,-3.931,0.566
10,18,29,-1.307,0.59
10,18,30,-1.839,0.55
10,18,31,-1.959,0.289
10,19,20,-0.76,0.583
10,19,21,-0.342,0.546
10,19,22,0.308,0.666
10,19,23,-0.061,0.57
10,19,24,-0.163,0.516
10,19,25,-0.338,0.524
10,19,26,-0.459,0.529
10,19,27,-1.83,0.67
10,19,28,-0.535,0.769
10,19,29,-0.13,0.641
10,19,30,-0.147,0.571
10,19,31,-0.322,0.547
10,20,21,-1.059,0.597
10,20,22,-0.245,0.533
10,20,23,-1.473,0.447
10,20,24,-1.482,0.494
10,20,25,-1.511,0.553
10,20,26,-2.279,0.556
10,20,27,-2.635,0.631
10,20,28,-2.712,0.69
10,20,29,-1.404,0.665
10,20,30,-1.391,0.601
10,20,31,-1.891,0.426
10,21,22,-0.089,0.625
10,21,23,-0.547,0.529
10,21,24,-0.618,0.512
10,21,25,-0.67,0.562
10,21,26,-0.919,0.538
10,21,27,-2.226,0.602
10,21,28,-1.183,0.678
10,21,29,-0.674,0.63
10,21,30,-0.798,0.594
10,21,31,-0.652,0.537
10,22,23,0.013,0.512
10,22,24,-0.145,0.537
10,22,25,-0.142,0.588
10,22,26,-0.345,0.638
10,22,27,-1.474,0.664
10,22,28,-1.217,0.63
10,22,29,-0.292,0.622
10,22,30,0.006,0.624
10,22,31,-0.562,0.543
10,23,24,-1.089,0.453
10,23,25,-0.816,0.471
10,23,26,-1.097,0.568
10,23,27,-3.689,0.5
10,23,28,-1.907,0.632
10,23,29,-0.83,0.593
10,23,30,-1.012,0.609
10,23,31,-1.421,0.403
10,24,25,-0.66,0.44
10,24,26,-0.813,0.531
10,24,27,-4.03,0.555
10,24,28,-2.18,0.651
10,24,29,-0.66,0.648
10,24,30,-0.767,0.504
10,24,31,-1.569,0.397
10,25,26,-1.009,0.513
10,25,27,-2.867,0.549
10,25,28,-1.953,0.647
10,25,29,-0.633,0.628
10,25,30,-0.682,0.541
10,25,31,-1.386,0.46
10,26,27,-5.316,0.663
10,26,28,-3.401,0.749
10,26,29,-0.834,0.679
10,26,30,-0.686,0.562
10,26,31,-1.401,0.564
10,27,28,-3.643,0.561
10,27,29,-4.819,0.633
10,27,30,-1.544,0.646
10,27,31,-4.221,0.464
10,28,29,-2.13,0.672
10,28,30,-0.615,0.68
10,28,31,-2.844,0.562
10,29,30,-0.558,0.733
10,29,31,-0.966,0.613
10,30,31,-2.067,0.522
11,12,13,-0.547,0.528
11,12,14,-0.575,0.521
11,12,15,-0.407,0.491
11,12,16,-1.445,0.489
11,12,17,-0.257,0.593
11,12,18,-1.575,0.504
11,12,19,-0.484,0.475
11,12,20,-1.337,0.524
11,12,21,-1.535,0.576
11,12,22,-0.274,0.604
11,12,23,-1.08,0.552
11,12,24,-0.833,0.452
11,12,25,-1.458,0.57
11,12,26,-1.383,0.482
11,12,27,-4.891,0.606
11,12,28,-2.737,0.643
11,12,29,-1.154,0.473
11,12,30,-1.384,0.449
11,12,31,-1.309,0.547
11,13,14,-0.587,0.531
11,13,15,-0.126,0.597
11,13,16,-0.934,0.548
11,13,17,0.08,0.687
11,13,18,-0.939,0.59
11,13,19,-0.321,0.553
11,13,20,-0.692,0.563
11,13,21,-1.012,0.659
11,13,22,-0.11,0.65
11,13,23,-0.58,0.693
11,13,24,-0.501,0.535
11,13,25,-0.828,0.637
11,13,26,-0.828,0.544
11,13,27,-3.322,0.69
11,13,28,-2.159,0.68
11,13,29,-0.926,0.609
11,13,30,-0.865,0.524
11,13,31,-0.824,0.639
11,14,15,-0.251,0.594
11,14,16,-1.456,0.511
11,14,17,0.009,0.742
11,14,18,-1.444,0.505
11,14,19,-0.521,0.52
11,14,20,-1.319,0.478
11,14,21,-1.661,0.577
11,14,22,-0.319,0.616
11,14,23,-0.852,0.615
11,14,24,-1.008,0.462
11,14,25,-1.447,0.539
11,14,26,-1.321,0.462
11,14,27,-3.341,0.571
11,14,28,-2.48,0.532
11,14,29,-1.405,0.603
11,14,30,-1.535,0.444
11,14,31,-1.534,0.581
11,15,16,-0.641,0.667
11,15,17,-0.293,0.552
11,15,18,-1.112,0.552
11,15,19,-0.247,0.536
11,15,20,-0.895,0.485
11,15,21,-0.997,0.523
11,15,22,-0.328,0.534
11,15,23,-0.819,0.472
11,15,24,-0.376,0.545
11,15,25,-0.858,0.542
11,15,26,-1.065,0.53
11,15,27,-3.282,0.535
11,15,28,-1.879,0.507
11,15,29,-1.023,0.427
11,15,30,-0.858,0.442
11,15,31,-0.973,0.556
11,16,17,-0.44,0.721
11,16,18,-2.596,0.418
11,16,19,-0.979,0.458
11,16,20,-2.517,0.436
11,16,21,-2.127,0.427
11,16,22,-0.726,0.635
11,16,23,-1.812,0.444
11,16,24,-1.69,0.411
11,16,25,-2.232,0.424
11,16,26,-1.914,0.381
11,16,27,-7.254,0.516
11,16,28,-4.595,0.544
11,16,29,-2.124,0.469
11,16,30,-1.73,0.429
11,16,31,-2.154,0.649
11,17,18,-0.777,0.687
11,17,19,-0.007,0.63
11,17,20,-0.696,0.552
11,17,21,-0.792,0.629
11,17,22,-0.399,0.599
11,17,23,-0.682,0.558
11,17,24,-0.254,0.655
11,17,25,-0.761,0.668
11,17,26,-0.839,0.627
11,17,27,-3.323,0.662
11,17,28,-2.739,0.646
11,17,29,-0.868,0.552
11,17,30,-0.516,0.611
11,17,31,-1.237,0.609
11,18,19,-1.143,0.418
11,18,20,-3.304,0.416
11,18,21,-2.579,0.363
11,18,22,-0.797,0.588
11,18,23,-2.281,0.363
11,18,24,-1.948,0.327
11,18,25,-2.474,0.343
11,18,26,-2.52,0.347
11,18,27,-8.511,0.485
11,18,28,-4.808,0.536
11,18,29,-2.423,0.469
11,18,30,-2.473,0.338
11,18,31,-3.052,0.409
11,19,20,-1.031,0.452
11,19,21,-1.362,0.403
11,19,22,0.02,0.62
11,19,23,-0.397,0.521
11,19,24,-0.735,0.396
11,19,25,-1.219,0.407
11,19,26,-1.116,0.389
11,19,27,-2.926,0.579
11,19,28,-1.597,0.546
11,19,29,-1.009,0.428
11,19,30,-0.629,0.402
11,19,31,-0.937,0.479
11,20,21,-2.303,0.4
11,20,22,-0.616,0.514
11,20,23,-2.13,0.342
11,20,24,-2.072,0.407
11,20,25,-2.731,0.411
11,20,26,-3.295,0.322
11,20,27,-5.88,0.507
11,20,28,-5.15,0.437
11,20,29,-2.712,0.337
11,20,30,-2.464,0.324
11,20,31,-3.002,0.376
11,21,22,-0.82,0.564
11,21,23,-1.563,0.404
11,21,24,-1.723,0.369
11,21,25,-2.325,0.336
11,21,26,-2.283,0.336
11,21,27,-3.542,0.467
11,21,28,-3.126,0.436
11,21,29,-2.526,0.356
11,21,30,-2.667,0.358
11,21,31,-1.868,0.456
11,22,23,-0.498,0.523
11,22,24,-0.404,0.543
11,22,25,-0.796,0.566
11,22,26,-0.838,0.55
11,22,27,-1.979,0.692
11,22,28,-2.327,0.585
11,22,29,-1.066,0.515
11,22,30,-0.549,0.536
11,22,31,-1.126,0.662
11,23,24,-1.558,0.432
11,23,25,-1.804,0.397
11,23,26,-1.883,0.432
11,23,27,-4.892,0.466
11,23,28,-3.02,0.507
11,23,29,-1.982,0.366
11,23,30,-1.481,0.45
11,23,31,-2.016,0.464
11,24,25,-1.637,0.351
11,24,26,-1.858,0.318
11,24,27,-4.992,0.528
11,24,28,-3.343,0.529
11,24,29,-1.926,0.472
11,24,30,-1.503,0.329
11,24,31,-2.102,0.43
11,25,26,-2.248,0.334
11,25,27,-4.675,0.467
11,25,28,-3.926,0.462
11,25,29,-2.386,0.383
11,25,30,-1.933,0.349
11,25,31,-2.685,0.436
11,26,27,-7.928,0.482
11,26,28,-5.027,0.426
11,26,29,-2.399,0.342
11,26,30,-1.876,0.294
11,26,31,-2.727,0.447
11,27,28,-3.366,0.421
11,27,29,-8.037,0.411
11,27,30,-4.854,0.448
11,27,31,-7.159,0.521
11,28,29,-4.567,0.374
11,28,30,-3.022,0.383
11,28,31,-4.991,0.517
11,29,30,-2.473,0.332
11,29,31,-2.828,0.431
11,30,31,-3.204,0.389
12,13,14,-0.396,0.44
12,13,15,-0.23,0.581
12,13,16,-0.869,0.459
12,13,17,-0.099,0.621
12,13,18,-0.882,0.484
12,13,19,-0.513,0.551
12,13,20,-0.659,0.519
12,13,21,-0.921,0.647
12,13,22,-0.219,0.57
12,13,23,-0.634,0.679
12,13,24,-0.655,0.488
12,13,25,-0.734,0.616
12,13,26,-0.734,0.517
12,13,27,-2.81,0.607
12,13,28,-2.314,0.559
12,13,29,-1.037,0.597
12,13,30,-1.046,0.456
12,13,31,-0.751,0.495
12,14,15,-0.227,0.556
12,14,16,-1.096,0.48
12,14,17,0.008,0.641
12,14,18,-1.089,0.49
12,14,19,-0.585,0.546
12,14,20,-0.922,0.552
12,14,21,-0.989,0.658
12,14,22,-0.221,0.584
12,14,23,-0.747,0.67
12,14,24,-0.849,0.485
12,14,25,-0.977,0.623
12,14,26,-0.826,0.527
12,14,27,-2.858,0.592
12,14,28,-2.148,0.558
12,14,29,-1.148,0.616
12,14,30,-1.288,0.455
12,14,31,-0.916,0.517
12,15,16,-0.74,0.643
12,15,17,-0.285,0.508
12,15,18,-1.062,0.544
12,15,19,-0.354,0.551
12,15,20,-0.828,0.56
12,15,21,-0.877,0.61
12,15,22,-0.266,0.545
12,15,23,-0.756,0.557
12,15,24,-0.396,0.557
12,15,25,-0.733,0.618
12,15,26,-0.878,0.573
12,15,27,-1.932,0.58
12,15,28,-1.619,0.557
12,15,29,-0.726,0.467
12,15,30,-0.602,0.483
12,15,31,-0.717,0.533
12,16,17,-0.562,0.636
12,16,18,-1.967,0.454
12,16,19,-0.893,0.509
12,16,20,-1.765,0.548
12,16,21,-1.379,0.577
12,16,22,-0.483,0.607
12,16,23,-1.299,0.562
12,16,24,-1.235,0.466
12,16,25,-1.34,0.568
12,16,26,-1.194,0.485
12,16,27,-4.146,0.576
12,16,28,-3.113,0.584
12,16,29,-1.53,0.529
12,16,30,-1.455,0.49
12,16,31,-1.492,0.566
12,17,18,-0.743,0.604
12,17,19,-0.162,0.631
12,17,20,-0.618,0.549
12,17,21,-0.682,0.673
12,17,22,-0.246,0.566
12,17,23,-0.572,0.576
12,17,24,-0.306,0.638
12,17,25,-0.608,0.701
12,17,26,-0.696,0.645
12,17,27,-1.668,0.638
12,17,28,-2.027,0.61
12,17,29,-0.613,0.526
12,17,30,-0.384,0.599
12,17,31,-0.904,0.538
12,18,19,-1.095,0.506
12,18,20,-2.356,0.609
12,18,21,-1.708,0.576
12,18,22,-0.592,0.593
12,18,23,-1.745,0.554
12,18,24,-1.518,0.444
12,18,25,-1.65,0.562
12,18,26,-1.718,0.513
12,18,27,-4.245,0.596
12,18,28,-3.097,0.628
12,18,29,-1.601,0.587
12,18,30,-1.808,0.471
12,18,31,-1.893,0.47
12,19,20,-1.009,0.564
12,19,21,-0.832,0.575
12,19,22,-0.081,0.646
12,19,23,-0.416,0.611
12,19,24,-0.673,0.479
12,19,25,-0.867,0.562
12,19,26,-0.831,0.485
12,19,27,-1.997,0.657
12,19,28,-1.773,0.652
12,19,29,-0.691,0.513
12,19,30,-0.571,0.488
12,19,31,-0.694,0.554
12,20,21,-1.328,0.665
12,20,22,-0.326,0.587
12,20,23,-1.376,0.608
12,20,24,-1.348,0.572
12,20,25,-1.686,0.679
12,20,26,-2.265,0.553
12,20,27,-3.099,0.737
12,20,28,-3.263,0.679
12,20,29,-1.702,0.562
12,20,30,-1.524,0.546
12,20,31,-1.65,0.554
12,21,22,-0.89,0.667
12,21,23,-0.683,0.653
12,21,24,-0.87,0.572
12,21,25,-1.403,0.574
12,21,26,-1.277,0.572
12,21,27,-1.964,0.68
12,21,28,-2.02,0.671
12,21,29,-1.38,0.579
12,21,30,-1.845,0.577
12,21,31,-0.993,0.65
12,22,23,-0.365,0.606
12,22,24,-0.191,0.579
12,22,25,-0.746,0.663
12,22,26,-0.496,0.623
12,22,27,-0.854,0.721
12,22,28,-1.643,0.627
12,22,29,-0.554,0.564
12,22,30,-0.184,0.584
12,22,31,-0.508,0.627
12,23,24,-1.065,0.591
12,23,25,-0.838,0.647
12,23,26,-1.174,0.64
12,23,27,-2.921,0.674
12,23,28,-1.937,0.75
12,23,29,-1.15,0.581
12,23,30,-0.929,0.645
12,23,31,-1.051,0.639
12,24,25,-0.984,0.565
12,24,26,-1.221,0.478
12,24,27,-2.27,0.638
12,24,28,-2.123,0.652
12,24,29,-1.151,0.56
12,24,30,-1.003,0.459
12,24,31,-1.22,0.511
12,25,26,-1.221,0.563
12,25,27,-0.923,0.676
12,25,28,-1.495,0.697
12,25,29,-1.219,0.596
12,25,30,-1.015,0.568
12,25,31,-1.576,0.624
12,26,27,-4.124,0.661
12,26,28,-3.185,0.632
12,26,29,-1.31,0.522
12,26,30,-1.306,0.481
12,26,31,-1.543,0.599
12,27,28,-2.146,0.576
12,27,29,-4.222,0.573
12,27,30,-2.448,0.604
12,27,31,-3.324,0.608
12,28,29,-3.087,0.54
12,28,30,-2.091,0.552
12,28,31,-3.1,0.596
12,29,30,-1.431,0.496
12,29,31,-1.599,0.547
12,30,31,-2.277,0.503
13,14,15,0.068,0.569
13,14,16,-0.867,0.464
13,14,17,0.199,0.642
13,14,18,-0.811,0.486
13,14,19,-0.279,0.552
13,14,20,-0.624,0.508
13,14,21,-0.838,0.653
13,14,22,-0.002,0.572
13,14,23,-0.564,0.683
13,14,24,-0.526,0.489
13,14,25,-0.709,0.616
13,14,26,-0.765,0.517
13,14,27,-2.486,0.607
13,14,28,-2.018,0.55
13,14,29,-0.784,0.618
13,14,30,-1.144,0.455
13,14,31,-0.627,0.501
13,15,16,-0.313,0.657
13,15,17,0.132,0.6
13,15,18,-0.512,0.621
13,15,19,0.104,0.617
13,15,20,-0.153,0.608
13,15,21,-0.291,0.697
13,15,22,0.123,0.594
13,15,23,-0.189,0.69
13,15,24,0.069,0.616
13,15,25,-0.266,0.69
13,15,26,-0.457,0.629
13,15,27,-0.807,0.662
13,15,28,-0.869,0.611
13,15,29,-0.243,0.59
13,15,30,-0.104,0.555
13,15,31,-0.141,0.62
13,16,17,-0.234,0.665
13,16,18,-1.398,0.493
13,16,19,-0.576,0.553
13,16,20,-1.114,0.532
13,16,21,-1.042,0.65
13,16,22,-0.274,0.609
13,16,23,-0.87,0.67
13,16,24,-0.839,0.502
13,16,25,-0.999,0.616
13,16,26,-0.909,0.517
13,16,27,-2.839,0.614
13,16,28,-2.345,0.57
13,16,29,-1.027,0.606
13,16,30,-1.217,0.492
13,16,31,-1.066,0.572
13,17,18,-0.318,0.673
13,17,19,0.238,0.684
13,17,20,-0.051,0.609
13,17,21,-0.191,0.753
13,17,22,0.114,0.621
13,17,23,-0.138,0.7
13,17,24,0.116,0.685
13,17,25,-0.158,0.765
13,17,26,-0.39,0.693
13,17,27,-0.802,0.714
13,17,28,-1.369,0.663
13,17,29,-0.154,0.637
13,17,30,-0.011,0.642
13,17,31,-0.302,0.623
13,18,19,-0.669,0.567
13,18,20,-1.359,0.587
13,18,21,-1.087,0.648
13,18,22,-0.293,0.612
13,18,23,-1.105,0.675
13,18,24,-0.86,0.503
13,18,25,-0.936,0.616
13,18,26,-1.085,0.546
13,18,27,-2.655,0.645
13,18,28,-2.401,0.617
13,18,29,-0.824,0.698
13,18,30,-1.329,0.5
13,18,31,-1.147,0.527
13,19,20,-0.431,0.591
13,19,21,-0.259,0.651
13,19,22,0.215,0.671
13,19,23,-0.085,0.718
13,19,24,-0.227,0.544
13,19,25,-0.504,0.617
13,19,26,-0.466,0.545
13,19,27,-1.753,0.71
13,19,28,-1.586,0.673
13,19,29,-0.328,0.613
13,19,30,-0.265,0.544
13,19,31,-0.251,0.612
13,20,21,-0.591,0.685
13,20,22,0.098,0.59
13,20,23,-0.753,0.685
13,20,24,-0.664,0.571
13,20,25,-0.978,0.672
13,20,26,-1.347,0.552
13,20,27,-2.229,0.715
13,20,28,-2.676,0.618
13,20,29,-0.8,0.624
13,20,30,-0.968,0.525
13,20,31,-0.827,0.555
13,21,22,-0.191,0.704
13,21,23,-0.224,0.765
13,21,24,-0.386,0.65
13,21,25,-0.74,0.649
13,21,26,-0.688,0.667
13,21,27,-1.542,0.741
13,21,28,-1.419,0.699
13,21,29,-0.769,0.675
13,21,30,-2.279,0.65
13,21,31,-0.616,0.71
13,22,23,-0.057,0.687
13,22,24,0.087,0.602
13,22,25,-0.171,0.685
13,22,26,-0.351,0.632
13,22,27,-0.52,0.737
13,22,28,-1.256,0.625
13,22,29,-0.264,0.628
13,22,30,-0.068,0.589
13,22,31,-0.166,0.644
13,23,24,-0.516,0.697
13,23,25,-0.467,0.742
13,23,26,-0.867,0.725
13,23,27,-2.084,0.782
13,23,28,-1.263,0.809
13,23,29,-0.613,0.743
13,23,30,-0.588,0.714
13,23,31,-0.595,0.757
13,24,25,-0.42,0.62
13,24,26,-0.69,0.52
13,24,27,-1.547,0.679
13,24,28,-1.757,0.644
13,24,29,-0.634,0.655
13,24,30,-0.741,0.496
13,24,31,-0.623,0.559
13,25,26,-0.661,0.617
13,25,27,-0.498,0.719
13,25,28,-0.992,0.695
13,25,29,-0.681,0.685
13,25,30,-0.619,0.616
13,25,31,-0.976,0.665
13,26,27,-3.094,0.686
13,26,28,-2.666,0.617
13,26,29,-0.777,0.608
13,26,30,-1.061,0.515
13,26,31,-1.026,0.617
13,27,28,-1.844,0.614
13,27,29,-2.966,0.672
13,27,30,-2.085,0.628
13,27,31,-2.21,0.66
13,28,29,-2.258,0.604
13,28,30,-2.405,0.549
13,28,31,-2.355,0.598
13,29,30,-0.955,0.586
13,29,31,-0.803,0.666
13,30,31,-1.892,0.524
14,15,16,-0.383,0.684
14,15,17,0.174,0.636
14,15,18,-0.606,0.607
14,15,19,0.039,0.631
14,15,20,-0.261,0.592
14,15,21,-0.493,0.676
14,15,22,-0.049,0.576
14,15,23,-0.329,0.66
14,15,24,-0.044,0.615
14,15,25,-0.323,0.662
14,15,26,-0.536,0.621
14,15,27,-1.657,0.608
14,15,28,-0.872,0.555
14,15,29,-0.45,0.597
14,15,30,-0.515,0.544
14,15,31,-0.211,0.618
14,16,17,-0.127,0.717
14,16,18,-2.067,0.413
14,16,19,-0.796,0.538
14,16,20,-1.704,0.469
14,16,21,-1.683,0.558
14,16,22,-0.568,0.591
14,16,23,-1.436,0.59
14,16,24,-1.351,0.446
14,16,25,-1.543,0.511
14,16,26,-1.344,0.441
14,16,27,-4.483,0.505
14,16,28,-2.981,0.455
14,16,29,-1.58,0.626
14,16,30,-2.037,0.42
14,16,31,-1.585,0.541
14,17,18,-0.243,0.699
14,17,19,0.303,0.734
14,17,20,0.046,0.635
14,17,21,-0.224,0.778
14,17,22,0.051,0.64
14,17,23,-0.11,0.705
14,17,24,0.101,0.718
14,17,25,-0.112,0.781
14,17,26,-0.224,0.721
14,17,27,-1.263,0.702
14,17,28,-1.272,0.648
14,17,29,-0.146,0.692
14,17,30,-0.347,0.649
14,17,31,-0.313,0.653
14,18,19,-0.874,0.528
14,18,20,-1.955,0.471
14,18,21,-1.825,0.551
14,18,22,-0.658,0.552
14,18,23,-1.572,0.572
14,18,24,-1.428,0.405
14,18,25,-1.52,0.496
14,18,26,-1.49,0.445
14,18,27,-4.353,0.487
14,18,28,-3.335,0.429
14,18,29,-1.587,0.69
14,18,30,-2.45,0.365
14,18,31,-1.773,0.409
14,19,20,-0.638,0.555
14,19,21,-0.545,0.565
14,19,22,0.141,0.665
14,19,23,-0.308,0.686
14,19,24,-0.282,0.514
14,19,25,-0.623,0.542
14,19,26,-0.473,0.517
14,19,27,-3.68,0.652
14,19,28,-1.682,0.6
14,19,29,-0.615,0.622
14,19,30,-0.421,0.521
14,19,31,-0.398,0.589
14,20,21,-1.259,0.59
14,20,22,-0.289,0.528
14,20,23,-1.287,0.584
14,20,24,-1.243,0.491
14,20,25,-1.48,0.558
14,20,26,-1.838,0.454
14,20,27,-4.293,0.567
14,20,28,-3.773,0.445
14,20,29,-1.246,0.603
14,20,30,-2.047,0.399
14,20,31,-1.495,0.446
14,21,22,-0.494,0.646
14,21,23,-0.905,0.678
14,21,24,-0.717,0.551
14,21,25,-1.101,0.567
14,21,26,-1.165,0.564
14,21,27,-3.508,0.614
14,21,28,-2.388,0.562
14,21,29,-1.344,0.634
14,21,30,-2.304,0.573
14,21,31,-1.33,0.623
14,22,23,-0.479,0.616
14,22,24,-0.283,0.558
14,22,25,-0.416,0.617
14,22,26,-0.772,0.586
14,22,27,-1.885,0.657
14,22,28,-1.678,0.531
14,22,29,-0.659,0.615
14,22,30,-0.967,0.525
14,22,31,-0.58,0.596
14,23,24,-1.05,0.617
14,23,25,-0.93,0.637
14,23,26,-1.289,0.642
14,23,27,-3.639,0.645
14,23,28,-2.034,0.633
14,23,29,-1.154,0.731
14,23,30,-1.601,0.593
14,23,31,-1.133,0.671
14,24,25,-0.773,0.495
14,24,26,-1.082,0.431
14,24,27,-4.549,0.569
14,24,28,-2.785,0.515
14,24,29,-1.216,0.658
14,24,30,-1.366,0.4
14,24,31,-1.203,0.48
14,25,26,-0.969,0.495
14,25,27,-3.399,0.573
14,25,28,-2.388,0.529
14,25,29,-1.181,0.642
14,25,30,-1.176,0.502
14,25,31,-1.354,0.553
14,26,27,-4.917,0.562
14,26,28,-3.679,0.471
14,26,29,-1.202,0.587
14,26,30,-1.426,0.424
14,26,31,-1.474,0.535
14,27,28,-4.974,0.445
14,27,29,-4.938,0.605
14,27,30,-5.794,0.465
14,27,31,-4.082,0.51
14,28,29,-2.936,0.58
14,28,30,-4.766,0.363
14,28,31,-3.239,0.425
14,29,30,-2.023,0.576
14,29,31,-1.243,0.674
14,30,31,-3.18,0.397
15,16,17,-0.214,0.674
15,16,18,-1.328,0.665
15,16,19,-0.096,0.671
15,16,20,-0.843,0.689
15,16,21,-0.417,0.662
15,16,22,-0.087,0.665
15,16,23,-0.583,0.655
15,16,24,-0.193,0.685
15,16,25,-0.565,0.673
15,16,26,-0.456,0.655
15,16,27,-4.026,0.68
15,16,28,-1.866,0.669
15,16,29,-0.52,0.643
15,16,30,-0.498,0.653
15,16,31,-0.343,0.828
15,17,18,-0.948,0.566
15,17,19,0.175,0.624
15,17,20,-0.233,0.475
15,17,21,-0.887,0.595
15,17,22,-0.044,0.494
15,17,23,-0.301,0.479
15,17,24,-0.061,0.633
15,17,25,-0.469,0.634
15,17,26,-0.505,0.614
15,17,27,-2.014,0.549
15,17,28,-2.99,0.491
15,17,29,-0.432,0.449
15,17,30,-0.329,0.569
15,17,31,-1.02,0.485
15,18,19,-0.811,0.584
15,18,20,-1.718,0.604
15,18,21,-1.25,0.549
15,18,22,-0.704,0.546
15,18,23,-1.279,0.513
15,18,24,-0.885,0.56
15,18,25,-1.084,0.548
15,18,26,-1.229,0.589
15,18,27,-1.981,0.57
15,18,28,-1.857,0.548
15,18,29,-1.329,0.52
15,18,30,-1.201,0.505
15,18,31,-1.255,0.538
15,19,20,-0.376,0.581
15,19,21,-0.292,0.551
15,19,22,0.241,0.628
15,19,23,0.193,0.591
15,19,24,-0.077,0.565
15,19,25,-0.32,0.566
15,19,26,-0.443,0.547
15,19,27,-0.812,0.649
15,19,28,-0.495,0.612
15,19,29,0.021,0.537
15,19,30,-0.033,0.536
15,19,31,-0.043,0.616
15,20,21,-0.653,0.57
15,20,22,-0.16,0.496
15,20,23,-0.965,0.494
15,20,24,-0.534,0.622
15,20,25,-0.827,0.6
15,20,26,-1.549,0.556
15,20,27,-2.613,0.595
15,20,28,-2.214,0.506
15,20,29,-1.152,0.461
15,20,30,-0.962,0.487
15,20,31,-0.879,0.523
15,21,22,-0.217,0.569
15,21,23,-0.428,0.541
15,21,24,-0.193,0.572
15,21,25,-0.545,0.535
15,21,26,-0.72,0.541
15,21,27,-3.008,0.576
15,21,28,-1.719,0.535
15,21,29,-1.035,0.535
15,21,30,-0.754,0.519
15,21,31,-0.602,0.597
15,22,23,0.021,0.494
15,22,24,0.102,0.574
15,22,25,-0.27,0.578
15,22,26,-0.429,0.582
15,22,27,-1.629,0.606
15,22,28,-1.607,0.491
15,22,29,-0.319,0.466
15,22,30,-0.165,0.505
15,22,31,-0.439,0.551
15,23,24,-0.305,0.594
15,23,25,-0.305,0.555
15,23,26,-0.797,0.589
15,23,27,-2.832,0.53
15,23,28,-1.493,0.512
15,23,29,-0.642,0.444
15,23,30,-0.727,0.521
15,23,31,-0.667,0.542
15,24,25,-0.193,0.573
15,24,26,-0.564,0.567
15,24,27,-0.305,0.661
15,24,28,-0.399,0.633
15,24,29,-0.338,0.561
15,24,30,-0.186,0.544
15,24,31,-0.365,0.629
15,25,26,-0.636,0.557
15,25,27,-0.905,0.591
15,25,28,-1.093,0.565
15,25,29,-0.749,0.537
15,25,30,-0.335,0.536
15,25,31,-0.871,0.601
15,26,27,-4.671,0.628
15,26,28,-2.725,0.567
15,26,29,-0.829,0.536
15,26,30,-0.953,0.533
15,26,31,-0.909,0.657
15,27,28,-1.33,0.477
15,27,29,-3.093,0.477
15,27,30,-2.482,0.519
15,27,31,-2.755,0.549
15,28,29,-1.994,0.423
15,28,30,-1.651,0.442
15,28,31,-1.797,0.495
15,29,30,-1.061,0.416
15,29,31,-1.006,0.469
15,30,31,-1.374,0.498
16,17,18,-0.872,0.664
16,17,19,0.15,0.706
16,17,20,-0.709,0.63
16,17,21,-0.372,0.681
16,17,22,-0.112,0.654
16,17,23,-0.596,0.633
16,17,24,-0.054,0.711
16,17,25,-0.421,0.708
16,17,26,-0.341,0.672
16,17,27,-4.419,0.691
16,17,28,-2.698,0.672
16,17,29,-0.446,0.641
16,17,30,-0.13,0.722
16,17,31,-0.734,0.703
16,18,19,-1.508,0.463
16,18,20,-3.505,0.418
16,18,21,-2.566,0.384
16,18,22,-1.127,0.563
16,18,23,-2.67,0.384
16,18,24,-2.387,0.361
16,18,25,-2.473,0.369
16,18,26,-2.166,0.346
16,18,27,-6.685,0.423
16,18,28,-4.778,0.415
16,18,29,-2.391,0.507
16,18,30,-3.005,0.389
16,18,31,-2.871,0.446
16,19,20,-1.25,0.511
16,19,21,-1.076,0.46
16,19,22,0.096,0.665
16,19,23,-0.46,0.549
16,19,24,-0.758,0.457
16,19,25,-1.268,0.461
16,19,26,-0.693,0.475
16,19,27,-4.135,0.606
16,19,28,-2.327,0.591
16,19,29,-0.753,0.511
16,19,30,-0.664,0.475
16,19,31,-0.744,0.596
16,20,21,-2.034,0.459
16,20,22,-0.647,0.562
16,20,23,-2.332,0.435
16,20,24,-2.055,0.473
16,20,25,-2.363,0.464
16,20,26,-2.521,0.387
16,20,27,-6.011,0.547
16,20,28,-5.124,0.476
16,20,29,-2.377,0.491
16,20,30,-2.173,0.458
16,20,31,-2.407,0.509
16,21,22,-0.438,0.593
16,21,23,-1.46,0.451
16,21,24,-1.418,0.412
16,21,25,-1.966,0.383
16,21,26,-1.894,0.383
16,21,27,-5.506,0.482
16,21,28,-3.542,0.45
16,21,29,-1.797,0.447
16,21,30,-2.225,0.43
16,21,31,-1.157,0.532
16,22,23,-0.651,0.565
16,22,24,-0.326,0.58
16,22,25,-0.618,0.589
16,22,26,-0.531,0.576
16,22,27,-3.957,0.681
16,22,28,-2.455,0.585
16,22,29,-0.568,0.585
16,22,30,-0.337,0.605
16,22,31,-0.545,0.717
16,23,24,-1.541,0.479
16,23,25,-1.512,0.441
16,23,26,-1.607,0.459
16,23,27,-5.726,0.492
16,23,28,-3.964,0.52
16,23,29,-1.671,0.491
16,23,30,-1.861,0.544
16,23,31,-1.808,0.574
16,24,25,-1.479,0.393
16,24,26,-1.474,0.367
16,24,27,-5.863,0.541
16,24,28,-3.597,0.534
16,24,29,-1.516,0.55
16,24,30,-1.244,0.417
16,24,31,-1.683,0.523
16,25,26,-1.537,0.372
16,25,27,-5.596,0.474
16,25,28,-4.343,0.461
16,25,29,-1.831,0.469
16,25,30,-1.663,0.419
16,25,31,-2.077,0.504
16,26,27,-6.671,0.488
16,26,28,-4.75,0.431
16,26,29,-1.546,0.436
16,26,30,-1.334,0.38
16,26,31,-2.383,0.518
16,27,28,-5.941,0.415
16,27,29,-6.797,0.488
16,27,30,-4.788,0.511
16,27,31,-6.311,0.551
16,28,29,-4.373,0.445
16,28,30,-3.008,0.442
16,28,31,-4.588,0.534
16,29,30,-2.13,0.498
16,29,31,-1.914,0.644
16,30,31,-2.749,0.559
17,18,19,-0.398,0.672
17,18,20,-1.4,0.571
17,18,21,-0.902,0.623
17,18,22,-0.602,0.58
17,18,23,-1.038,0.551
17,18,24,-0.645,0.642
17,18,25,-0.82,0.64
17,18,26,-0.786,0.668
17,18,27,-2.133,0.64
17,18,28,-2.451,0.618
17,18,29,-0.843,0.599
17,18,30,-0.832,0.637
17,18,31,-1.482,0.55
17,19,20,-0.085,0.626
17,19,21,-0.197,0.638
17,19,22,0.303,0.668
17,19,23,0.26,0.647
17,19,24,0.09,0.658
17,19,25,-0.076,0.665
17,19,26,-0.21,0.634
17,19,27,-0.003,0.737
17,19,28,-0.219,0.702
17,19,29,0.12,0.625
17,19,30,0.133,0.649
17,19,31,-0.151,0.651
17,20,21,-0.45,0.595
17,20,22,-0.106,0.492
17,20,23,-0.752,0.465
17,20,24,-0.344,0.638
17,20,25,-0.696,0.637
17,20,26,-1.229,0.612
17,20,27,-2.217,0.579
17,20,28,-2.896,0.497
17,20,29,-0.953,0.453
17,20,30,-0.519,0.564
17,20,31,-1.124,0.454
17,21,22,-0.195,0.614
17,21,23,-0.341,0.596
17,21,24,-0.053,0.66
17,21,25,-0.437,0.642
17,21,26,-0.629,0.621
17,21,27,-2.475,0.656
17,21,28,-2.061,0.614
17,21,29,-0.892,0.6
17,21,30,-0.582,0.635
17,21,31,-0.587,0.616
17,22,23,-0.014,0.506
17,22,24,-0.034,0.635
17,22,25,-0.179,0.643
17,22,26,-0.334,0.63
17,22,27,-1.733,0.631
17,22,28,-2.019,0.524
17,22,29,-0.441,0.496
17,22,30,-0.171,0.587
17,22,31,-0.752,0.532
17,23,24,-0.268,0.648
17,23,25,-0.313,0.633
17,23,26,-0.764,0.634
17,23,27,-3.094,0.567
17,23,28,-2.594,0.538
17,23,29,-0.603,0.474
17,23,30,-0.454,0.622
17,23,31,-0.963,0.494
17,24,25,-0.067,0.672
17,24,26,-0.429,0.654
17,24,27,-0.188,0.756
17,24,28,-0.605,0.73
17,24,29,-0.263,0.657
17,24,30,-0.113,0.666
17,24,31,-0.584,0.651
17,25,26,-0.587,0.652
17,25,27,-0.425,0.689
17,25,28,-1.427,0.665
17,25,29,-0.643,0.633
17,25,30,-0.186,0.665
17,25,31,-1.089,0.645
17,26,27,-4.926,0.715
17,26,28,-3.546,0.651
17,26,29,-0.616,0.609
17,26,30,-0.628,0.627
17,26,31,-1.076,0.658
17,27,28,-1.717,0.544
17,27,29,-3.46,0.544
17,27,30,-1.18,0.664
17,27,31,-3.228,0.561
17,28,29,-3.158,0.482
17,28,30,-1.355,0.58
17,28,31,-3.052,0.499
17,29,30,-0.807,0.564
17,29,31,-1.412,0.472
17,30,31,-1.466,0.583
18,19,20,-1.855,0.499
18,19,21,-1.485,0.42
18,19,22,-0.279,0.636
18,19,23,-0.837,0.516
18,19,24,-1.09,0.415
18,19,25,-1.424,0.418
18,19,26,-1.271,0.416
18,19,27,-4.645,0.594
18,19,28,-3.205,0.578
18,19,29,-1.116,0.501
18,19,30,-1.067,0.426
18,19,31,-1.23,0.479
18,20,21,-2.861,0.42
18,20,22,-1.145,0.506
18,20,23,-3.253,0.37
18,20,24,-2.823,0.421
18,20,25,-3.061,0.408
18,20,26,-3.571,0.388
18,20,27,-6.715,0.557
18,20,28,-6.03,0.475
18,20,29,-3.093,0.54
18,20,30,-3.466,0.395
18,20,31,-3.851,0.339
18,21,22,-1.011,0.538
18,21,23,-2.151,0.39
18,21,24,-1.99,0.355
18,21,25,-2.376,0.315
18,21,26,-2.509,0.331
18,21,27,-4.52,0.435
18,21,28,-3.664,0.389
18,21,29,-2.473,0.413
18,21,30,-3.362,0.351
18,21,31,-2.403,0.386
18,22,23,-0.862,0.484
18,22,24,-0.749,0.509
18,22,25,-0.929,0.524
18,22,26,-0.928,0.555
18,22,27,-2.463,0.64
18,22,28,-2.572,0.521
18,22,29,-1.114,0.545
18,22,30,-1.023,0.521
18,22,31,-1.306,0.527
18,23,24,-2.168,0.429
18,23,25,-2.13,0.373
18,23,26,-2.078,0.441
18,23,27,-5.808,0.422
18,23,28,-3.875,0.446
18,23,29,-2.314,0.45
18,23,30,-2.732,0.454
18,23,31,-2.723,0.35
18,24,25,-1.998,0.327
18,24,26,-1.996,0.318
18,24,27,-9.007,0.502
18,24,28,-7.87,0.477
18,24,29,-1.992,0.511
18,24,30,-2.164,0.317
18,24,31,-2.65,0.352
18,25,26,-2.159,0.319
18,25,27,-5.905,0.415
18,25,28,-5.633,0.385
18,25,29,-2.157,0.419
18,25,30,-2.521,0.326
18,25,31,-2.593,0.349
18,26,27,-7.216,0.493
18,26,28,-5.35,0.433
18,26,29,-2.284,0.455
18,26,30,-2.219,0.321
18,26,31,-3.018,0.412
18,27,28,-5.405,0.345
18,27,29,-7.421,0.478
18,27,30,-6.109,0.435
18,27,31,-6.857,0.366
18,28,29,-4.294,0.431
18,28,30,-4.549,0.345
18,28,31,-5.532,0.321
18,29,30,-2.586,0.456
18,29,31,-2.727,0.467
18,30,31,-4.562,0.308
19,20,21,-1.009,0.463
19,20,22,0.25,0.624
19,20,23,-0.581,0.535
19,20,24,-0.931,0.469
19,20,25,-1.166,0.474
19,20,26,-1.684,0.459
19,20,27,-3.067,0.668
19,20,28,-1.979,0.593
19,20,29,-1.001,0.48
19,20,30,-0.737,0.461
19,20,31,-0.905,0.513
19,21,22,0.083,0.62
19,21,23,-0.339,0.511
19,21,24,-1.303,0.409
19,21,25,-1.027,0.407
19,21,26,-0.894,0.411
19,21,27,-1.465,0.579
19,21,28,-1.003,0.543
19,21,29,-1.049,0.43
19,21,30,-1.039,0.414
19,21,31,-0.47,0.485
19,22,23,0.206,0.644
19,22,24,0.254,0.62
19,22,25,0.002,0.622
19,22,26,-0.121,0.623
19,22,27,-0.088,0.787
19,22,28,-0.01,0.681
19,22,29,0.319,0.62
19,22,30,0.201,0.623
19,22,31,0.2,0.704
19,23,24,-0.332,0.52
19,23,25,-0.346,0.512
19,23,26,-0.738,0.512
19,23,27,-1.43,0.657
19,23,28,-0.571,0.681
19,23,29,-0.208,0.529
19,23,30,-0.196,0.555
19,23,31,-0.228,0.612
19,24,25,-0.727,0.409
19,24,26,-0.823,0.398
19,24,27,-2.931,0.596
19,24,28,-1.398,0.569
19,24,29,-0.785,0.48
19,24,30,-0.369,0.408
19,24,31,-0.54,0.48
19,25,26,-0.851,0.414
19,25,27,-2.868,0.579
19,25,28,-2.008,0.544
19,25,29,-0.873,0.443
19,25,30,-0.48,0.416
19,25,31,-0.85,0.482
19,26,27,-4.155,0.579
19,26,28,-2.239,0.551
19,26,29,-0.805,0.427
19,26,30,-0.658,0.406
19,26,31,-1.162,0.475
19,27,28,-2.922,0.596
19,27,29,-3.732,0.581
19,27,30,-2.44,0.588
19,27,31,-2.785,0.644
19,28,29,-1.696,0.543
19,28,30,-1.145,0.542
19,28,31,-1.32,0.604
19,29,30,-0.591,0.441
19,29,31,-0.618,0.523
19,30,31,-1.542,0.485
20,21,22,-0.423,0.539
20,21,23,-1.62,0.437
20,21,24,-1.291,0.453
20,21,25,-1.966,0.397
20,21,26,-2.545,0.387
20,21,27,-4.519,0.546
20,21,28,-4.021,0.449
20,21,29,-2.073,0.41
20,21,30,-2.344,0.417
20,21,31,-1.543,0.448
20,22,23,-0.221,0.454
20,22,24,-0.439,0.529
20,22,25,-0.441,0.541
20,22,26,-1.011,0.525
20,22,27,-2.169,0.637
20,22,28,-2.63,0.467
20,22,29,-0.751,0.453
20,22,30,-0.609,0.493
20,22,31,-0.77,0.502
20,23,24,-1.901,0.493
20,23,25,-1.831,0.44
20,23,26,-2.672,0.443
20,23,27,-5.514,0.501
20,23,28,-4.528,0.45
20,23,29,-2.159,0.386
20,23,30,-2.083,0.476
20,23,31,-2.21,0.38
20,24,25,-1.737,0.445
20,24,26,-2.681,0.401
20,24,27,-4.079,0.678
20,24,28,-3.465,0.595
20,24,29,-1.976,0.557
20,24,30,-1.777,0.428
20,24,31,-2.019,0.462
20,25,26,-2.914,0.396
20,25,27,-5.146,0.56
20,25,28,-4.981,0.484
20,25,29,-2.329,0.45
20,25,30,-1.981,0.422
20,25,31,-2.407,0.439
20,26,27,-7.406,0.545
20,26,28,-6.527,0.418
20,26,29,-2.892,0.379
20,26,30,-2.618,0.335
20,26,31,-3.428,0.421
20,27,28,-6.567,0.439
20,27,29,-6.834,0.474
20,27,30,-6.038,0.537
20,27,31,-6.268,0.478
20,28,29,-5.576,0.339
20,28,30,-5.537,0.366
20,28,31,-5.976,0.342
20,29,30,-2.557,0.389
20,29,31,-2.838,0.385
20,30,31,-3.69,0.358
21,22,23,-0.634,0.54
21,22,24,-0.2,0.547
21,22,25,-0.536,0.527
21,22,26,-0.716,0.54
21,22,27,-2.474,0.654
21,22,28,-1.754,0.544
21,22,29,-0.807,0.527
21,22,30,-0.624,0.547
21,22,31,-0.721,0.612
21,23,24,-0.932,0.456
21,23,25,-1.389,0.388
21,23,26,-1.753,0.435
21,23,27,-5.17,0.491
21,23,28,-2.612,0.478
21,23,29,-1.553,0.412
21,23,30,-1.725,0.481
21,23,31,-0.942,0.488
21,24,25,-1.233,0.36
21,24,26,-1.644,0.354
21,24,27,-1.94,0.522
21,24,28,-1.43,0.485
21,24,29,-1.75,0.472
21,24,30,-1.696,0.376
21,24,31,-0.919,0.44
21,25,26,-1.974,0.316
21,25,27,-3.977,0.424
21,25,28,-3.447,0.377
21,25,29,-2.195,0.379
21,25,30,-2.315,0.341
21,25,31,-1.333,0.386
21,26,27,-6.028,0.469
21,26,28,-3.947,0.389
21,26,29,-2.175,0.352
21,26,30,-2.283,0.341
21,26,31,-2.031,0.425
21,27,28,-4.185,0.424
21,27,29,-5.364,0.431
21,27,30,-4.667,0.469
21,27,31,-4.35,0.493
21,28,29,-3.591,0.366
21,28,30,-3.771,0.384
21,28,31,-2.844,0.433
21,29,30,-2.813,0.375
21,29,31,-1.978,0.43
21,30,31,-3.617,0.425
22,23,24,-0.342,0.542
22,23,25,-0.495,0.534
22,23,26,-0.802,0.567
22,23,27,-3.173,0.612
22,23,28,-2.199,0.507
22,23,29,-0.425,0.47
22,23,30,-0.518,0.555
22,23,31,-0.651,0.545
22,24,25,-0.13,0.535
22,24,26,-0.534,0.534
22,24,27,-0.799,0.702
22,24,28,-1.33,0.586
22,24,29,-0.508,0.563
22,24,30,-0.273,0.527
22,24,31,-0.555,0.59
22,25,26,-0.647,0.542
22,25,27,-1.105,0.653
22,25,28,-1.573,0.552
22,25,29,-0.802,0.532
22,25,30,-0.265,0.542
22,25,31,-0.824,0.593
22,26,27,-4.354,0.703
22,26,28,-3.302,0.56
22,26,29,-0.668,0.531
22,26,30,-0.749,0.532
22,26,31,-0.903,0.653
22,27,28,-1.878,0.614
22,27,29,-2.535,0.596
22,27,30,-1.534,0.657
22,27,31,-2.471,0.669
22,28,29,-2.415,0.451
22,28,30,-1.94,0.496
22,28,31,-2.605,0.522
22,29,30,-0.744,0.5
22,29,31,-1.147,0.537
22,30,31,-1.487,0.57
23,24,25,-1.225,0.439
23,24,26,-1.589,0.466
23,24,27,-3.191,0.605
23,24,28,-1.776,0.655
23,24,29,-1.495,0.561
23,24,30,-1.211,0.517
23,24,31,-1.735,0.538
23,25,26,-1.628,0.436
23,25,27,-4.429,0.483
23,25,28,-3.138,0.493
23,25,29,-1.464,0.431
23,25,30,-1.499,0.472
23,25,31,-1.741,0.458
23,26,27,-6.335,0.581
23,26,28,-4.08,0.567
23,26,29,-1.792,0.468
23,26,30,-1.399,0.489
23,26,31,-1.87,0.598
23,27,28,-4.635,0.424
23,27,29,-5.958,0.436
23,27,30,-3.978,0.578
23,27,31,-5.498,0.482
23,28,29,-3.472,0.409
23,28,30,-2.496,0.529
23,28,31,-3.469,0.487
23,29,30,-1.939,0.497
23,29,31,-1.901,0.467
23,30,31,-2.644,0.565
24,25,26,-1.466,0.334
24,25,27,-4.364,0.509
24,25,28,-3.493,0.484
24,25,29,-1.609,0.474
24,25,30,-1.003,0.353
24,25,31,-1.517,0.4
24,26,27,-8.529,0.528
24,26,28,-5.814,0.479
24,26,29,-1.778,0.474
24,26,30,-1.003,0.324
24,26,31,-1.888,0.428
24,27,28,-4.662,0.534
24,27,29,-6.417,0.596
24,27,30,-3.762,0.534
24,27,31,-4.81,0.573
24,28,29,-3.531,0.536
24,28,30,-2.343,0.474
24,28,31,-3.257,0.54
24,29,30,-1.584,0.484
24,29,31,-1.612,0.59
24,30,31,-2.665,0.402
25,26,27,-5.908,0.472
25,26,28,-4.87,0.407
25,26,29,-1.809,0.378
25,26,30,-1.422,0.331
25,26,31,-2.258,0.416
25,27,28,-5.477,0.421
25,27,29,-7.051,0.447
25,27,30,-4.751,0.46
25,27,31,-5.92,0.468
25,28,29,-5.444,0.398
25,28,30,-3.911,0.392
25,28,31,-5.257,0.43
25,29,30,-1.861,0.397
25,29,31,-2.308,0.449
25,30,31,-3.71,0.393
26,27,28,-6.95,0.465
26,27,29,-7.483,0.48
26,27,30,-5.959,0.478
26,27,31,-7.246,0.581
26,28,29,-4.931,0.382
26,28,30,-4.035,0.37
26,28,31,-5.624,0.488
26,29,30,-2.255,0.357
26,29,31,-2.261,0.488
26,30,31,-3.371,0.411
27,28,29,-6.965,0.325
27,28,30,-5.385,0.391
27,28,31,-5.873,0.315
27,29,30,-6.641,0.435
27,29,31,-7.401,0.415
27,30,31,-6.525,0.461
28,29,30,-4.732,0.32
28,29,31,-5.078,0.328
28,30,31,-5.452,0.33
29,30,31,-3.353,0.423
